Time,Temperature,Depth,Image/video-file,Video tags,BTLVL,Mode,Res,FPS,Overlay,DCCWB,EIS,Autorec,Wifi,Sdcard,Firmware
2020:03:04 11:45:16,17.2,1.2,,0,29,Video,1080P,100,On,Green,On,Off,Off,33,1.5.2
2020:03:04 11:45:17,17.2,1.6,,0,29,Video,1080P,100,On,Green,On,Off,Off,33,1.5.2
2020:03:04 11:45:18,17.2,1.9,,0,29,Video,1080P,100,On,Green,On,Off,Off,33,1.5.2
2020:03:04 11:45:19,17.2,2.1,,0,29,Video,1080P,100,On,Green,On,Off,Off,33,1.5.2
2020:03:04 11:45:20,17.2,2.4,,0,29,Video,1080P,100,On,Green,On,Off,Off,33,1.5.2
2020:03:04 11:45:21,17.2,2.7,,0,29,Video,1080P,100,On,Green,On,Off,Off,33,1.5.2
2020:03:04 11:45:22,17.2,2.9,,0,29,Video,1080P,100,On,Green,On,Off,Off,33,1.5.2
2020:03:04 11:45:23,17.1,3,,0,29,Video,1080P,100,On,Green,On,Off,Off,33,1.5.2
2020:03:04 11:45:24,17.1,3.2,,0,29,Video,1080P,100,On,Green,On,Off,Off,33,1.5.2
2020:03:04 11:45:25,17.1,3.4,,0,29,Video,1080P,100,On,Green,On,Off,Off,33,1.5.2
2020:03:04 11:45:26,17,3.6,,0,29,Video,1080P,100,On,Green,On,Off,Off,33,1.5.2
2020:03:04 11:45:27,17,3.7,,0,29,Video,1080P,100,On,Green,On,Off,Off,33,1.5.2
2020:03:04 11:45:28,17,3.9,,0,29,Video,1080P,100,On,Green,On,Off,Off,33,1.5.2
2020:03:04 11:45:29,17,4,MOV_0495_GT,0,29,Video,1080P,100,On,Green,On,Off,Off,33,1.5.2
2020:03:04 11:45:29,16.9,4,MOV_0495_GT,0,29,Video,1080P,100,On,Green,On,Off,Off,33,1.5.2
2020:03:04 11:45:30,16.9,4.1,MOV_0495_GT,0,29,Video,1080P,100,On,Green,On,Off,Off,33,1.5.2
2020:03:04 11:45:31,16.8,4.2,MOV_0495_GT,0,29,Video,1080P,100,On,Green,On,Off,Off,33,1.5.2
2020:03:04 11:45:32,16.8,4.2,MOV_0495_GT,0,29,Video,1080P,100,On,Green,On,Off,Off,33,1.5.2
2020:03:04 11:45:33,16.8,4.3,MOV_0495_GT,0,29,Video,1080P,100,On,Green,On,Off,Off,33,1.5.2
2020:03:04 11:45:34,16.8,4.4,MOV_0495_GT,0,29,Video,1080P,100,On,Green,On,Off,Off,33,1.5.2
2020:03:04 11:45:35,16.7,4.5,MOV_0495_GT,0,29,Video,1080P,100,On,Green,On,Off,Off,33,1.5.2
2020:03:04 11:45:36,16.7,4.5,MOV_0495_GT,0,29,Video,1080P,100,On,Green,On,Off,Off,33,1.5.2
2020:03:04 11:45:37,16.7,4.5,MOV_0495_GT,0,29,Video,1080P,100,On,Green,On,Off,Off,33,1.5.2
2020:03:04 11:45:38,16.6,4.6,MOV_0495_GT,0,29,Video,1080P,100,On,Green,On,Off,Off,33,1.5.2
2020:03:04 11:45:39,16.6,4.6,MOV_0495_GT,0,29,Video,1080P,100,On,Green,On,Off,Off,33,1.5.2
2020:03:04 11:45:40,16.6,4.6,MOV_0495_GT,0,29,Video,1080P,100,On,Green,On,Off,Off,33,1.5.2
2020:03:04 11:45:41,16.6,4.7,MOV_0495_GT,0,29,Video,1080P,100,On,Green,On,Off,Off,33,1.5.2
2020:03:04 11:45:42,16.5,4.7,MOV_0495_GT,0,29,Video,1080P,100,On,Green,On,Off,Off,33,1.5.2
2020:03:04 11:45:43,16.5,4.8,MOV_0495_GT,0,29,Video,1080P,100,On,Green,On,Off,Off,33,1.5.2
2020:03:04 11:45:44,16.5,4.7,MOV_0495_GT,0,29,Video,1080P,100,On,Green,On,Off,Off,33,1.5.2
2020:03:04 11:45:45,16.5,4.7,MOV_0495_GT,0,29,Video,1080P,100,On,Green,On,Off,Off,33,1.5.2
2020:03:04 11:45:46,16.5,4.5,MOV_0495_GT,0,28,Video,1080P,100,On,Green,On,Off,Off,33,1.5.2
2020:03:04 11:45:47,16.5,4.5,MOV_0495_GT,0,27,Video,1080P,100,On,Green,On,Off,Off,33,1.5.2
2020:03:04 11:45:48,16.4,4.6,MOV_0495_GT,0,27,Video,1080P,100,On,Green,On,Off,Off,33,1.5.2
2020:03:04 11:45:49,16.4,4.6,MOV_0495_GT,0,27,Video,1080P,100,On,Green,On,Off,Off,33,1.5.2
2020:03:04 11:45:50,16.4,4.6,MOV_0495_GT,0,27,Video,1080P,100,On,Green,On,Off,Off,33,1.5.2
2020:03:04 11:45:51,16.4,4.6,MOV_0495_GT,0,27,Video,1080P,100,On,Green,On,Off,Off,33,1.5.2
2020:03:04 11:45:52,16.4,4.7,MOV_0495_GT,0,27,Video,1080P,100,On,Green,On,Off,Off,33,1.5.2
2020:03:04 11:45:53,16.4,4.7,MOV_0495_GT,0,27,Video,1080P,100,On,Green,On,Off,Off,33,1.5.2
2020:03:04 11:45:54,16.4,4.7,MOV_0495_GT,0,27,Video,1080P,100,On,Green,On,Off,Off,33,1.5.2
2020:03:04 11:45:55,16.3,4.6,MOV_0495_GT,0,27,Video,1080P,100,On,Green,On,Off,Off,33,1.5.2
2020:03:04 11:45:56,16.3,4.6,MOV_0495_GT,0,27,Video,1080P,100,On,Green,On,Off,Off,33,1.5.2
2020:03:04 11:45:57,16.3,4.6,MOV_0495_GT,0,27,Video,1080P,100,On,Green,On,Off,Off,33,1.5.2
2020:03:04 11:45:58,16.3,4.7,MOV_0495_GT,0,27,Video,1080P,100,On,Green,On,Off,Off,33,1.5.2
2020:03:04 11:45:59,16.3,4.8,MOV_0495_GT,0,27,Video,1080P,100,On,Green,On,Off,Off,33,1.5.2
2020:03:04 11:46:00,16.3,4.8,MOV_0495_GT,0,27,Video,1080P,100,On,Green,On,Off,Off,33,1.5.2
2020:03:04 11:46:01,16.3,4.9,MOV_0495_GT,0,27,Video,1080P,100,On,Green,On,Off,Off,33,1.5.2
2020:03:04 11:46:02,16.3,4.9,MOV_0495_GT,0,27,Video,1080P,100,On,Green,On,Off,Off,33,1.5.2
2020:03:04 11:46:03,16.3,4.9,MOV_0495_GT,0,27,Video,1080P,100,On,Green,On,Off,Off,33,1.5.2
2020:03:04 11:46:04,16.3,4.9,MOV_0495_GT,0,27,Video,1080P,100,On,Green,On,Off,Off,33,1.5.2
2020:03:04 11:46:05,16.3,5,MOV_0495_GT,0,27,Video,1080P,100,On,Green,On,Off,Off,33,1.5.2
2020:03:04 11:46:06,16.3,5,MOV_0495_GT,0,27,Video,1080P,100,On,Green,On,Off,Off,33,1.5.2
2020:03:04 11:46:07,16.3,4.9,MOV_0495_GT,0,27,Video,1080P,100,On,Green,On,Off,Off,33,1.5.2
2020:03:04 11:46:08,16.3,4.9,MOV_0495_GT,0,27,Video,1080P,100,On,Green,On,Off,Off,33,1.5.2
2020:03:04 11:46:09,16.3,5,MOV_0495_GT,0,27,Video,1080P,100,On,Green,On,Off,Off,33,1.5.2
2020:03:04 11:46:10,16.3,5,MOV_0495_GT,0,27,Video,1080P,100,On,Green,On,Off,Off,33,1.5.2
2020:03:04 11:46:11,16.3,5.1,MOV_0495_GT,0,27,Video,1080P,100,On,Green,On,Off,Off,33,1.5.2
2020:03:04 11:46:12,16.2,5.1,MOV_0495_GT,0,27,Video,1080P,100,On,Green,On,Off,Off,33,1.5.2
2020:03:04 11:46:13,16.2,5.1,MOV_0495_GT,0,27,Video,1080P,100,On,Green,On,Off,Off,33,1.5.2
2020:03:04 11:46:14,16.2,5.1,MOV_0495_GT,0,27,Video,1080P,100,On,Green,On,Off,Off,33,1.5.2
2020:03:04 11:46:15,16.2,5.1,MOV_0495_GT,0,27,Video,1080P,100,On,Green,On,Off,Off,33,1.5.2
2020:03:04 11:46:16,16.2,5,MOV_0495_GT,0,27,Video,1080P,100,On,Green,On,Off,Off,33,1.5.2
2020:03:04 11:46:17,16.2,5,MOV_0495_GT,0,27,Video,1080P,100,On,Green,On,Off,Off,33,1.5.2
2020:03:04 11:46:18,16.2,5.1,MOV_0495_GT,0,27,Video,1080P,100,On,Green,On,Off,Off,33,1.5.2
2020:03:04 11:46:19,16.2,5.1,MOV_0495_GT,0,27,Video,1080P,100,On,Green,On,Off,Off,33,1.5.2
2020:03:04 11:46:20,16.2,5.1,MOV_0495_GT,0,27,Video,1080P,100,On,Green,On,Off,Off,33,1.5.2
2020:03:04 11:46:21,16.2,5.1,MOV_0495_GT,0,27,Video,1080P,100,On,Green,On,Off,Off,33,1.5.2
2020:03:04 11:46:22,16.2,5.1,MOV_0495_GT,0,27,Video,1080P,100,On,Green,On,Off,Off,33,1.5.2
2020:03:04 11:46:23,16.2,5.1,MOV_0495_GT,0,27,Video,1080P,100,On,Green,On,Off,Off,33,1.5.2
2020:03:04 11:46:24,16.2,5.1,MOV_0495_GT,0,27,Video,1080P,100,On,Green,On,Off,Off,33,1.5.2
2020:03:04 11:46:25,16.2,5.2,MOV_0495_GT,0,27,Video,1080P,100,On,Green,On,Off,Off,33,1.5.2
2020:03:04 11:46:26,16.2,5.2,MOV_0495_GT,0,27,Video,1080P,100,On,Green,On,Off,Off,33,1.5.2
2020:03:04 11:46:27,16.2,5.2,MOV_0495_GT,0,27,Video,1080P,100,On,Green,On,Off,Off,33,1.5.2
2020:03:04 11:46:28,16.2,5.2,MOV_0495_GT,0,27,Video,1080P,100,On,Green,On,Off,Off,33,1.5.2
2020:03:04 11:46:29,16.2,5.2,MOV_0495_GT,0,27,Video,1080P,100,On,Green,On,Off,Off,33,1.5.2
2020:03:04 11:46:30,16.2,5.2,MOV_0495_GT,0,27,Video,1080P,100,On,Green,On,Off,Off,33,1.5.2
2020:03:04 11:46:31,16.2,5.2,MOV_0495_GT,0,27,Video,1080P,100,On,Green,On,Off,Off,33,1.5.2
2020:03:04 11:46:32,16.2,5.3,MOV_0495_GT,0,27,Video,1080P,100,On,Green,On,Off,Off,33,1.5.2
2020:03:04 11:46:33,16.2,5.3,MOV_0495_GT,0,27,Video,1080P,100,On,Green,On,Off,Off,33,1.5.2
2020:03:04 11:46:34,16.2,5.2,MOV_0495_GT,0,27,Video,1080P,100,On,Green,On,Off,Off,33,1.5.2
2020:03:04 11:46:35,16.2,5.2,MOV_0495_GT,0,27,Video,1080P,100,On,Green,On,Off,Off,33,1.5.2
2020:03:04 11:46:36,16.2,5.2,MOV_0495_GT,0,27,Video,1080P,100,On,Green,On,Off,Off,33,1.5.2
2020:03:04 11:46:37,16.2,5.2,MOV_0495_GT,0,27,Video,1080P,100,On,Green,On,Off,Off,33,1.5.2
2020:03:04 11:46:38,16.2,5.2,MOV_0495_GT,0,27,Video,1080P,100,On,Green,On,Off,Off,33,1.5.2
2020:03:04 11:46:39,16.2,5.3,MOV_0495_GT,0,27,Video,1080P,100,On,Green,On,Off,Off,33,1.5.2
2020:03:04 11:46:40,16.2,5.3,MOV_0495_GT,0,27,Video,1080P,100,On,Green,On,Off,Off,33,1.5.2
2020:03:04 11:46:41,16.1,5.3,MOV_0495_GT,0,27,Video,1080P,100,On,Green,On,Off,Off,33,1.5.2
2020:03:04 11:46:42,16.2,5.3,MOV_0495_GT,0,27,Video,1080P,100,On,Green,On,Off,Off,33,1.5.2
2020:03:04 11:46:43,16.1,5.3,MOV_0495_GT,0,27,Video,1080P,100,On,Green,On,Off,Off,33,1.5.2
2020:03:04 11:46:44,16.1,5.3,MOV_0495_GT,0,27,Video,1080P,100,On,Green,On,Off,Off,33,1.5.2
2020:03:04 11:46:45,16.1,5.3,MOV_0495_GT,0,27,Video,1080P,100,On,Green,On,Off,Off,33,1.5.2
2020:03:04 11:46:46,16.2,5.3,MOV_0495_GT,0,27,Video,1080P,100,On,Green,On,Off,Off,33,1.5.2
2020:03:04 11:46:47,16.1,5.2,MOV_0495_GT,0,27,Video,1080P,100,On,Green,On,Off,Off,33,1.5.2
2020:03:04 11:46:48,16.1,5.2,MOV_0495_GT,0,27,Video,1080P,100,On,Green,On,Off,Off,33,1.5.2
2020:03:04 11:46:49,16.1,5.3,MOV_0495_GT,0,27,Video,1080P,100,On,Green,On,Off,Off,33,1.5.2
2020:03:04 11:46:50,16.2,5.3,MOV_0495_GT,0,27,Video,1080P,100,On,Green,On,Off,Off,33,1.5.2
2020:03:04 11:46:51,16.1,5.4,MOV_0495_GT,0,27,Video,1080P,100,On,Green,On,Off,Off,33,1.5.2
2020:03:04 11:46:52,16.1,5.3,MOV_0495_GT,0,27,Video,1080P,100,On,Green,On,Off,Off,33,1.5.2
2020:03:04 11:46:53,16.1,5.3,MOV_0495_GT,0,27,Video,1080P,100,On,Green,On,Off,Off,33,1.5.2
2020:03:04 11:46:54,16.2,5.3,MOV_0495_GT,0,27,Video,1080P,100,On,Green,On,Off,Off,33,1.5.2
2020:03:04 11:46:55,16.1,5.3,MOV_0495_GT,0,27,Video,1080P,100,On,Green,On,Off,Off,33,1.5.2
2020:03:04 11:46:56,16.1,5.3,MOV_0495_GT,0,27,Video,1080P,100,On,Green,On,Off,Off,33,1.5.2
2020:03:04 11:46:57,16.1,5.3,MOV_0495_GT,0,27,Video,1080P,100,On,Green,On,Off,Off,33,1.5.2
2020:03:04 11:46:58,16.1,5.3,MOV_0495_GT,0,27,Video,1080P,100,On,Green,On,Off,Off,33,1.5.2
2020:03:04 11:46:59,16.1,5.3,MOV_0495_GT,0,27,Video,1080P,100,On,Green,On,Off,Off,33,1.5.2
2020:03:04 11:47:00,16.1,5.3,MOV_0495_GT,0,27,Video,1080P,100,On,Green,On,Off,Off,33,1.5.2
2020:03:04 11:47:01,16.1,5.3,MOV_0495_GT,0,27,Video,1080P,100,On,Green,On,Off,Off,33,1.5.2
2020:03:04 11:47:02,16.1,5.3,MOV_0495_GT,0,27,Video,1080P,100,On,Green,On,Off,Off,33,1.5.2
2020:03:04 11:47:03,16.1,5.3,MOV_0495_GT,0,27,Video,1080P,100,On,Green,On,Off,Off,33,1.5.2
2020:03:04 11:47:04,16.1,5.3,MOV_0495_GT,0,27,Video,1080P,100,On,Green,On,Off,Off,33,1.5.2
2020:03:04 11:47:05,16.1,5.3,MOV_0495_GT,0,27,Video,1080P,100,On,Green,On,Off,Off,33,1.5.2
2020:03:04 11:47:06,16.1,5.3,MOV_0495_GT,0,27,Video,1080P,100,On,Green,On,Off,Off,33,1.5.2
2020:03:04 11:47:07,16.1,5.4,MOV_0495_GT,0,27,Video,1080P,100,On,Green,On,Off,Off,33,1.5.2
2020:03:04 11:47:08,16.1,5.3,MOV_0495_GT,0,27,Video,1080P,100,On,Green,On,Off,Off,33,1.5.2
2020:03:04 11:47:09,16.1,5.3,MOV_0495_GT,0,27,Video,1080P,100,On,Green,On,Off,Off,33,1.5.2
2020:03:04 11:47:10,16.1,5.2,MOV_0495_GT,0,27,Video,1080P,100,On,Green,On,Off,Off,33,1.5.2
2020:03:04 11:47:11,16.1,5.2,MOV_0495_GT,0,27,Video,1080P,100,On,Green,On,Off,Off,33,1.5.2
2020:03:04 11:47:12,16.1,5.2,MOV_0495_GT,0,27,Video,1080P,100,On,Green,On,Off,Off,33,1.5.2
2020:03:04 11:47:13,16.1,5.2,MOV_0495_GT,0,27,Video,1080P,100,On,Green,On,Off,Off,33,1.5.2
2020:03:04 11:47:14,16.1,5.3,MOV_0495_GT,0,27,Video,1080P,100,On,Green,On,Off,Off,33,1.5.2
2020:03:04 11:47:15,16.1,5.4,MOV_0495_GT,0,27,Video,1080P,100,On,Green,On,Off,Off,33,1.5.2
2020:03:04 11:47:16,16.1,5.4,MOV_0495_GT,0,27,Video,1080P,100,On,Green,On,Off,Off,33,1.5.2
2020:03:04 11:47:17,16.1,5.4,MOV_0495_GT,0,27,Video,1080P,100,On,Green,On,Off,Off,33,1.5.2
2020:03:04 11:47:18,16.1,5.3,MOV_0495_GT,0,27,Video,1080P,100,On,Green,On,Off,Off,33,1.5.2
2020:03:04 11:47:19,16.1,5.3,MOV_0495_GT,0,27,Video,1080P,100,On,Green,On,Off,Off,33,1.5.2
2020:03:04 11:47:20,16.1,5.3,MOV_0495_GT,0,27,Video,1080P,100,On,Green,On,Off,Off,33,1.5.2
2020:03:04 11:47:21,16.1,5.3,MOV_0495_GT,0,27,Video,1080P,100,On,Green,On,Off,Off,33,1.5.2
2020:03:04 11:47:22,16.1,5.3,MOV_0495_GT,0,27,Video,1080P,100,On,Green,On,Off,Off,33,1.5.2
2020:03:04 11:47:23,16.1,5.3,MOV_0495_GT,0,27,Video,1080P,100,On,Green,On,Off,Off,33,1.5.2
2020:03:04 11:47:24,16.1,5.3,MOV_0495_GT,0,27,Video,1080P,100,On,Green,On,Off,Off,33,1.5.2
2020:03:04 11:47:25,16.1,5.3,MOV_0495_GT,0,27,Video,1080P,100,On,Green,On,Off,Off,33,1.5.2
2020:03:04 11:47:26,16.1,5.3,MOV_0495_GT,0,27,Video,1080P,100,On,Green,On,Off,Off,33,1.5.2
2020:03:04 11:47:27,16.1,5.3,MOV_0495_GT,0,27,Video,1080P,100,On,Green,On,Off,Off,33,1.5.2
2020:03:04 11:47:28,16.1,5.4,MOV_0495_GT,0,27,Video,1080P,100,On,Green,On,Off,Off,33,1.5.2
2020:03:04 11:47:29,16.1,5.4,MOV_0495_GT,0,27,Video,1080P,100,On,Green,On,Off,Off,33,1.5.2
2020:03:04 11:47:30,16.1,5.3,MOV_0495_GT,0,27,Video,1080P,100,On,Green,On,Off,Off,33,1.5.2
2020:03:04 11:47:31,16.1,5.4,MOV_0495_GT,0,27,Video,1080P,100,On,Green,On,Off,Off,33,1.5.2
2020:03:04 11:47:32,16.1,5.3,MOV_0495_GT,0,27,Video,1080P,100,On,Green,On,Off,Off,33,1.5.2
2020:03:04 11:47:33,16.1,5.3,MOV_0495_GT,0,27,Video,1080P,100,On,Green,On,Off,Off,33,1.5.2
2020:03:04 11:47:34,16.1,5.4,MOV_0495_GT,0,27,Video,1080P,100,On,Green,On,Off,Off,33,1.5.2
2020:03:04 11:47:35,16.1,5.4,MOV_0495_GT,0,27,Video,1080P,100,On,Green,On,Off,Off,33,1.5.2
2020:03:04 11:47:36,16.1,5.5,MOV_0495_GT,0,27,Video,1080P,100,On,Green,On,Off,Off,33,1.5.2
2020:03:04 11:47:37,16.1,5.4,MOV_0495_GT,0,27,Video,1080P,100,On,Green,On,Off,Off,33,1.5.2
2020:03:04 11:47:38,16.1,5.3,MOV_0495_GT,0,27,Video,1080P,100,On,Green,On,Off,Off,33,1.5.2
2020:03:04 11:47:39,16.1,5.4,MOV_0495_GT,0,27,Video,1080P,100,On,Green,On,Off,Off,33,1.5.2
2020:03:04 11:47:40,16.1,5.5,MOV_0495_GT,0,27,Video,1080P,100,On,Green,On,Off,Off,33,1.5.2
2020:03:04 11:47:41,16.1,5.5,MOV_0495_GT,0,27,Video,1080P,100,On,Green,On,Off,Off,33,1.5.2
2020:03:04 11:47:42,16.1,5.5,MOV_0495_GT,0,26,Video,1080P,100,On,Green,On,Off,Off,33,1.5.2
2020:03:04 11:47:43,16.1,5.5,MOV_0495_GT,0,26,Video,1080P,100,On,Green,On,Off,Off,33,1.5.2
2020:03:04 11:47:44,16.1,5.5,MOV_0495_GT,0,26,Video,1080P,100,On,Green,On,Off,Off,33,1.5.2
2020:03:04 11:47:45,16.1,5.6,MOV_0495_GT,0,26,Video,1080P,100,On,Green,On,Off,Off,33,1.5.2
2020:03:04 11:47:46,16.1,5.7,MOV_0495_GT,0,26,Video,1080P,100,On,Green,On,Off,Off,33,1.5.2
2020:03:04 11:47:47,16.1,5.7,MOV_0495_GT,0,26,Video,1080P,100,On,Green,On,Off,Off,33,1.5.2
2020:03:04 11:47:48,16.1,5.7,MOV_0495_GT,0,26,Video,1080P,100,On,Green,On,Off,Off,33,1.5.2
2020:03:04 11:47:49,16.1,5.7,MOV_0495_GT,0,26,Video,1080P,100,On,Green,On,Off,Off,33,1.5.2
2020:03:04 11:47:50,16.1,5.7,MOV_0495_GT,0,26,Video,1080P,100,On,Green,On,Off,Off,33,1.5.2
2020:03:04 11:47:51,16.1,5.6,MOV_0495_GT,0,26,Video,1080P,100,On,Green,On,Off,Off,33,1.5.2
2020:03:04 11:47:52,16.1,5.7,MOV_0495_GT,0,26,Video,1080P,100,On,Green,On,Off,Off,33,1.5.2
2020:03:04 11:47:53,16.1,5.7,MOV_0495_GT,0,26,Video,1080P,100,On,Green,On,Off,Off,33,1.5.2
2020:03:04 11:47:54,16.1,5.8,MOV_0495_GT,0,26,Video,1080P,100,On,Green,On,Off,Off,33,1.5.2
2020:03:04 11:47:55,16.1,5.8,MOV_0495_GT,0,26,Video,1080P,100,On,Green,On,Off,Off,33,1.5.2
2020:03:04 11:47:56,16.1,5.7,MOV_0495_GT,0,26,Video,1080P,100,On,Green,On,Off,Off,33,1.5.2
2020:03:04 11:47:57,16.1,5.7,MOV_0495_GT,0,26,Video,1080P,100,On,Green,On,Off,Off,33,1.5.2
2020:03:04 11:47:58,16.1,5.7,MOV_0495_GT,0,26,Video,1080P,100,On,Green,On,Off,Off,33,1.5.2
2020:03:04 11:47:59,16.1,5.7,MOV_0495_GT,0,26,Video,1080P,100,On,Green,On,Off,Off,33,1.5.2
2020:03:04 11:48:00,16.1,5.7,MOV_0495_GT,0,26,Video,1080P,100,On,Green,On,Off,Off,33,1.5.2
2020:03:04 11:48:01,16,5.7,MOV_0495_GT,0,26,Video,1080P,100,On,Green,On,Off,Off,33,1.5.2
2020:03:04 11:48:02,16.1,5.7,MOV_0495_GT,0,26,Video,1080P,100,On,Green,On,Off,Off,33,1.5.2
2020:03:04 11:48:03,16.1,5.7,MOV_0495_GT,0,26,Video,1080P,100,On,Green,On,Off,Off,33,1.5.2
2020:03:04 11:48:04,16.1,5.7,MOV_0495_GT,0,26,Video,1080P,100,On,Green,On,Off,Off,33,1.5.2
2020:03:04 11:48:05,16.1,5.6,MOV_0495_GT,0,26,Video,1080P,100,On,Green,On,Off,Off,33,1.5.2
2020:03:04 11:48:06,16.1,5.6,MOV_0495_GT,0,26,Video,1080P,100,On,Green,On,Off,Off,33,1.5.2
2020:03:04 11:48:08,16.1,5.6,MOV_0495_GT,0,26,Video,1080P,100,On,Green,On,Off,Off,33,1.5.2
2020:03:04 11:48:09,16.1,5.7,MOV_0495_GT,0,26,Video,1080P,100,On,Green,On,Off,Off,33,1.5.2
2020:03:04 11:48:10,16.1,5.7,MOV_0495_GT,0,26,Video,1080P,100,On,Green,On,Off,Off,33,1.5.2
2020:03:04 11:48:11,16.1,5.7,MOV_0495_GT,0,26,Video,1080P,100,On,Green,On,Off,Off,33,1.5.2
2020:03:04 11:48:12,16.1,5.7,MOV_0495_GT,0,26,Video,1080P,100,On,Green,On,Off,Off,33,1.5.2
2020:03:04 11:48:13,16.1,5.6,MOV_0495_GT,0,26,Video,1080P,100,On,Green,On,Off,Off,33,1.5.2
2020:03:04 11:48:14,16.1,5.7,MOV_0495_GT,0,26,Video,1080P,100,On,Green,On,Off,Off,33,1.5.2
2020:03:04 11:48:15,16.1,5.7,MOV_0495_GT,0,26,Video,1080P,100,On,Green,On,Off,Off,33,1.5.2
2020:03:04 11:48:16,16.1,5.8,MOV_0495_GT,0,26,Video,1080P,100,On,Green,On,Off,Off,33,1.5.2
2020:03:04 11:48:17,16.1,5.8,MOV_0495_GT,0,26,Video,1080P,100,On,Green,On,Off,Off,33,1.5.2
2020:03:04 11:48:18,16.1,5.8,MOV_0495_GT,0,26,Video,1080P,100,On,Green,On,Off,Off,33,1.5.2
2020:03:04 11:48:19,16,5.7,MOV_0495_GT,0,26,Video,1080P,100,On,Green,On,Off,Off,33,1.5.2
2020:03:04 11:48:20,16,5.7,MOV_0495_GT,0,26,Video,1080P,100,On,Green,On,Off,Off,33,1.5.2
2020:03:04 11:48:21,16,5.6,MOV_0495_GT,0,26,Video,1080P,100,On,Green,On,Off,Off,33,1.5.2
2020:03:04 11:48:22,16.1,5.6,MOV_0495_GT,0,26,Video,1080P,100,On,Green,On,Off,Off,33,1.5.2
2020:03:04 11:48:23,16,5.7,MOV_0495_GT,0,26,Video,1080P,100,On,Green,On,Off,Off,33,1.5.2
2020:03:04 11:48:24,16.1,5.7,MOV_0495_GT,0,26,Video,1080P,100,On,Green,On,Off,Off,33,1.5.2
2020:03:04 11:48:25,16.1,5.7,MOV_0495_GT,0,26,Video,1080P,100,On,Green,On,Off,Off,33,1.5.2
2020:03:04 11:48:26,16.1,5.7,MOV_0495_GT,0,26,Video,1080P,100,On,Green,On,Off,Off,33,1.5.2
2020:03:04 11:48:27,16.1,5.6,MOV_0495_GT,0,26,Video,1080P,100,On,Green,On,Off,Off,33,1.5.2
2020:03:04 11:48:28,16,5.6,MOV_0495_GT,0,26,Video,1080P,100,On,Green,On,Off,Off,33,1.5.2
2020:03:04 11:48:29,16,5.6,MOV_0495_GT,0,26,Video,1080P,100,On,Green,On,Off,Off,33,1.5.2
2020:03:04 11:48:30,16,5.6,MOV_0495_GT,0,26,Video,1080P,100,On,Green,On,Off,Off,33,1.5.2
2020:03:04 11:48:31,16.1,5.6,MOV_0495_GT,0,26,Video,1080P,100,On,Green,On,Off,Off,33,1.5.2
2020:03:04 11:48:32,16.1,5.6,MOV_0495_GT,0,26,Video,1080P,100,On,Green,On,Off,Off,33,1.5.2
2020:03:04 11:48:33,16,5.6,MOV_0495_GT,0,26,Video,1080P,100,On,Green,On,Off,Off,33,1.5.2
2020:03:04 11:48:34,16,5.7,MOV_0495_GT,0,26,Video,1080P,100,On,Green,On,Off,Off,33,1.5.2
2020:03:04 11:48:35,16.1,5.5,MOV_0495_GT,0,26,Video,1080P,100,On,Green,On,Off,Off,33,1.5.2
2020:03:04 11:48:36,16,5.6,MOV_0495_GT,0,26,Video,1080P,100,On,Green,On,Off,Off,33,1.5.2
2020:03:04 11:48:37,16,5.6,MOV_0495_GT,0,26,Video,1080P,100,On,Green,On,Off,Off,33,1.5.2
2020:03:04 11:48:38,16,5.7,MOV_0495_GT,0,26,Video,1080P,100,On,Green,On,Off,Off,33,1.5.2
2020:03:04 11:48:39,16.1,5.6,MOV_0495_GT,0,26,Video,1080P,100,On,Green,On,Off,Off,33,1.5.2
2020:03:04 11:48:40,16,5.6,MOV_0495_GT,0,26,Video,1080P,100,On,Green,On,Off,Off,33,1.5.2
2020:03:04 11:48:41,16,5.6,MOV_0495_GT,0,26,Video,1080P,100,On,Green,On,Off,Off,33,1.5.2
2020:03:04 11:48:42,16,5.6,MOV_0495_GT,0,26,Video,1080P,100,On,Green,On,Off,Off,33,1.5.2
2020:03:04 11:48:43,16.1,5.7,MOV_0495_GT,0,26,Video,1080P,100,On,Green,On,Off,Off,33,1.5.2
2020:03:04 11:48:44,16,5.7,MOV_0495_GT,0,26,Video,1080P,100,On,Green,On,Off,Off,33,1.5.2
2020:03:04 11:48:45,16.1,5.7,MOV_0495_GT,0,26,Video,1080P,100,On,Green,On,Off,Off,33,1.5.2
2020:03:04 11:48:46,16,5.7,MOV_0495_GT,0,26,Video,1080P,100,On,Green,On,Off,Off,33,1.5.2
2020:03:04 11:48:47,16,5.8,MOV_0495_GT,0,26,Video,1080P,100,On,Green,On,Off,Off,33,1.5.2
2020:03:04 11:48:48,16,5.8,MOV_0495_GT,0,26,Video,1080P,100,On,Green,On,Off,Off,33,1.5.2
2020:03:04 11:48:49,16,5.7,MOV_0495_GT,0,26,Video,1080P,100,On,Green,On,Off,Off,33,1.5.2
2020:03:04 11:48:50,16,5.7,MOV_0495_GT,0,26,Video,1080P,100,On,Green,On,Off,Off,33,1.5.2
2020:03:04 11:48:51,16,5.8,MOV_0495_GT,0,26,Video,1080P,100,On,Green,On,Off,Off,33,1.5.2
2020:03:04 11:48:52,16,5.9,MOV_0495_GT,0,26,Video,1080P,100,On,Green,On,Off,Off,33,1.5.2
2020:03:04 11:48:53,16,5.9,MOV_0495_GT,0,26,Video,1080P,100,On,Green,On,Off,Off,33,1.5.2
2020:03:04 11:48:54,16,5.9,MOV_0495_GT,0,26,Video,1080P,100,On,Green,On,Off,Off,33,1.5.2
2020:03:04 11:48:55,16,5.8,MOV_0495_GT,0,26,Video,1080P,100,On,Green,On,Off,Off,33,1.5.2
2020:03:04 11:48:56,16,5.9,MOV_0495_GT,0,26,Video,1080P,100,On,Green,On,Off,Off,33,1.5.2
2020:03:04 11:48:57,16,5.8,MOV_0495_GT,0,26,Video,1080P,100,On,Green,On,Off,Off,33,1.5.2
2020:03:04 11:48:58,16,5.8,MOV_0495_GT,0,26,Video,1080P,100,On,Green,On,Off,Off,33,1.5.2
2020:03:04 11:48:59,16,5.9,MOV_0495_GT,0,26,Video,1080P,100,On,Green,On,Off,Off,33,1.5.2
2020:03:04 11:49:00,16,5.9,MOV_0495_GT,0,26,Video,1080P,100,On,Green,On,Off,Off,33,1.5.2
2020:03:04 11:49:01,16,5.9,MOV_0495_GT,0,26,Video,1080P,100,On,Green,On,Off,Off,33,1.5.2
2020:03:04 11:49:02,16,5.9,MOV_0495_GT,0,26,Video,1080P,100,On,Green,On,Off,Off,33,1.5.2
2020:03:04 11:49:03,16,5.9,MOV_0495_GT,0,26,Video,1080P,100,On,Green,On,Off,Off,33,1.5.2
2020:03:04 11:49:04,16,5.9,MOV_0495_GT,0,26,Video,1080P,100,On,Green,On,Off,Off,33,1.5.2
2020:03:04 11:49:05,16,6,MOV_0495_GT,0,26,Video,1080P,100,On,Green,On,Off,Off,33,1.5.2
2020:03:04 11:49:06,16,6,MOV_0495_GT,0,26,Video,1080P,100,On,Green,On,Off,Off,33,1.5.2
2020:03:04 11:49:07,16,5.9,MOV_0495_GT,0,26,Video,1080P,100,On,Green,On,Off,Off,33,1.5.2
2020:03:04 11:49:08,16,5.9,MOV_0495_GT,0,26,Video,1080P,100,On,Green,On,Off,Off,33,1.5.2
2020:03:04 11:49:09,16,6,MOV_0495_GT,0,26,Video,1080P,100,On,Green,On,Off,Off,33,1.5.2
2020:03:04 11:49:10,16,6,MOV_0495_GT,0,26,Video,1080P,100,On,Green,On,Off,Off,33,1.5.2
2020:03:04 11:49:11,16,6,MOV_0495_GT,0,26,Video,1080P,100,On,Green,On,Off,Off,33,1.5.2
2020:03:04 11:49:12,16,5.9,MOV_0495_GT,0,26,Video,1080P,100,On,Green,On,Off,Off,33,1.5.2
2020:03:04 11:49:13,16,5.9,MOV_0495_GT,0,26,Video,1080P,100,On,Green,On,Off,Off,33,1.5.2
2020:03:04 11:49:14,16,6,MOV_0495_GT,0,26,Video,1080P,100,On,Green,On,Off,Off,33,1.5.2
2020:03:04 11:49:15,16,6,MOV_0495_GT,0,26,Video,1080P,100,On,Green,On,Off,Off,33,1.5.2
2020:03:04 11:49:16,16,6.1,MOV_0495_GT,0,26,Video,1080P,100,On,Green,On,Off,Off,33,1.5.2
2020:03:04 11:49:17,16,6.1,MOV_0495_GT,0,26,Video,1080P,100,On,Green,On,Off,Off,33,1.5.2
2020:03:04 11:49:18,16,6,MOV_0495_GT,0,26,Video,1080P,100,On,Green,On,Off,Off,33,1.5.2
2020:03:04 11:49:19,16,6,MOV_0495_GT,0,26,Video,1080P,100,On,Green,On,Off,Off,33,1.5.2
2020:03:04 11:49:20,16,6,MOV_0495_GT,0,26,Video,1080P,100,On,Green,On,Off,Off,33,1.5.2
2020:03:04 11:49:21,16,6.1,MOV_0495_GT,0,26,Video,1080P,100,On,Green,On,Off,Off,33,1.5.2
2020:03:04 11:49:22,16,6.1,MOV_0495_GT,0,26,Video,1080P,100,On,Green,On,Off,Off,33,1.5.2
2020:03:04 11:49:23,16,6,MOV_0495_GT,0,26,Video,1080P,100,On,Green,On,Off,Off,33,1.5.2
2020:03:04 11:49:24,16,5.9,MOV_0495_GT,0,26,Video,1080P,100,On,Green,On,Off,Off,33,1.5.2
2020:03:04 11:49:25,16,5.9,MOV_0495_GT,0,26,Video,1080P,100,On,Green,On,Off,Off,33,1.5.2
2020:03:04 11:49:26,16,6,MOV_0495_GT,0,26,Video,1080P,100,On,Green,On,Off,Off,33,1.5.2
2020:03:04 11:49:27,16,6.1,MOV_0495_GT,0,26,Video,1080P,100,On,Green,On,Off,Off,33,1.5.2
2020:03:04 11:49:28,16,6.1,MOV_0495_GT,0,26,Video,1080P,100,On,Green,On,Off,Off,33,1.5.2
2020:03:04 11:49:29,16,6.1,MOV_0495_GT,0,26,Video,1080P,100,On,Green,On,Off,Off,33,1.5.2
2020:03:04 11:49:30,16,6.1,MOV_0495_GT,0,26,Video,1080P,100,On,Green,On,Off,Off,33,1.5.2
2020:03:04 11:49:31,16,6.1,MOV_0495_GT,0,26,Video,1080P,100,On,Green,On,Off,Off,33,1.5.2
2020:03:04 11:49:32,16,6.1,MOV_0495_GT,0,26,Video,1080P,100,On,Green,On,Off,Off,33,1.5.2
2020:03:04 11:49:33,16,6.1,MOV_0495_GT,0,26,Video,1080P,100,On,Green,On,Off,Off,33,1.5.2
2020:03:04 11:49:34,16,6.1,MOV_0495_GT,0,26,Video,1080P,100,On,Green,On,Off,Off,33,1.5.2
2020:03:04 11:49:35,16,6.1,MOV_0495_GT,0,26,Video,1080P,100,On,Green,On,Off,Off,33,1.5.2
2020:03:04 11:49:36,16,6.1,MOV_0495_GT,0,26,Video,1080P,100,On,Green,On,Off,Off,33,1.5.2
2020:03:04 11:49:37,16,6.1,MOV_0495_GT,0,26,Video,1080P,100,On,Green,On,Off,Off,33,1.5.2
2020:03:04 11:49:38,16,6.1,MOV_0495_GT,0,26,Video,1080P,100,On,Green,On,Off,Off,33,1.5.2
2020:03:04 11:49:39,16,6.1,MOV_0495_GT,0,26,Video,1080P,100,On,Green,On,Off,Off,33,1.5.2
2020:03:04 11:49:40,16,6,MOV_0495_GT,0,26,Video,1080P,100,On,Green,On,Off,Off,33,1.5.2
2020:03:04 11:49:41,16,6.1,MOV_0495_GT,0,26,Video,1080P,100,On,Green,On,Off,Off,33,1.5.2
2020:03:04 11:49:42,16,6.2,MOV_0495_GT,0,26,Video,1080P,100,On,Green,On,Off,Off,33,1.5.2
2020:03:04 11:49:43,16,6.3,MOV_0495_GT,0,26,Video,1080P,100,On,Green,On,Off,Off,33,1.5.2
2020:03:04 11:49:44,16,6.3,MOV_0495_GT,0,26,Video,1080P,100,On,Green,On,Off,Off,33,1.5.2
2020:03:04 11:49:45,16,6.3,MOV_0495_GT,0,26,Video,1080P,100,On,Green,On,Off,Off,33,1.5.2
2020:03:04 11:49:46,16,6.1,MOV_0495_GT,0,26,Video,1080P,100,On,Green,On,Off,Off,33,1.5.2
2020:03:04 11:49:47,16,6.1,MOV_0495_GT,0,26,Video,1080P,100,On,Green,On,Off,Off,33,1.5.2
2020:03:04 11:49:48,16,6.1,MOV_0495_GT,0,26,Video,1080P,100,On,Green,On,Off,Off,33,1.5.2
2020:03:04 11:49:49,16,6.3,MOV_0495_GT,0,26,Video,1080P,100,On,Green,On,Off,Off,33,1.5.2
2020:03:04 11:49:50,16,6.4,MOV_0495_GT,0,26,Video,1080P,100,On,Green,On,Off,Off,33,1.5.2
2020:03:04 11:49:51,16,6.3,MOV_0495_GT,0,26,Video,1080P,100,On,Green,On,Off,Off,33,1.5.2
2020:03:04 11:49:52,16,6.2,MOV_0495_GT,0,26,Video,1080P,100,On,Green,On,Off,Off,33,1.5.2
2020:03:04 11:49:53,16,6.1,MOV_0495_GT,0,26,Video,1080P,100,On,Green,On,Off,Off,33,1.5.2
2020:03:04 11:49:54,16,6.1,MOV_0495_GT,0,26,Video,1080P,100,On,Green,On,Off,Off,33,1.5.2
2020:03:04 11:49:55,16,6.2,MOV_0495_GT,0,26,Video,1080P,100,On,Green,On,Off,Off,33,1.5.2
2020:03:04 11:49:56,16,6.4,MOV_0495_GT,0,26,Video,1080P,100,On,Green,On,Off,Off,33,1.5.2
2020:03:04 11:49:57,16,6.4,MOV_0495_GT,0,26,Video,1080P,100,On,Green,On,Off,Off,33,1.5.2
2020:03:04 11:49:58,16,6.4,MOV_0495_GT,0,26,Video,1080P,100,On,Green,On,Off,Off,33,1.5.2
2020:03:04 11:49:59,16,6.4,MOV_0495_GT,0,26,Video,1080P,100,On,Green,On,Off,Off,33,1.5.2
2020:03:04 11:50:00,16,6.2,MOV_0495_GT,0,26,Video,1080P,100,On,Green,On,Off,Off,33,1.5.2
2020:03:04 11:50:01,16,6.1,MOV_0495_GT,0,26,Video,1080P,100,On,Green,On,Off,Off,33,1.5.2
2020:03:04 11:50:02,16,6.1,MOV_0495_GT,0,26,Video,1080P,100,On,Green,On,Off,Off,33,1.5.2
2020:03:04 11:50:03,16,6.4,MOV_0495_GT,0,26,Video,1080P,100,On,Green,On,Off,Off,33,1.5.2
2020:03:04 11:50:04,16,6.4,MOV_0495_GT,0,26,Video,1080P,100,On,Green,On,Off,Off,33,1.5.2
2020:03:04 11:50:05,16,6.4,MOV_0495_GT,0,26,Video,1080P,100,On,Green,On,Off,Off,33,1.5.2
2020:03:04 11:50:06,16,6.3,MOV_0495_GT,0,26,Video,1080P,100,On,Green,On,Off,Off,33,1.5.2
2020:03:04 11:50:07,16,6.2,MOV_0495_GT,0,26,Video,1080P,100,On,Green,On,Off,Off,33,1.5.2
2020:03:04 11:50:08,16,6.2,MOV_0495_GT,0,26,Video,1080P,100,On,Green,On,Off,Off,33,1.5.2
2020:03:04 11:50:09,16,6.3,MOV_0495_GT,0,26,Video,1080P,100,On,Green,On,Off,Off,33,1.5.2
2020:03:04 11:50:10,16,6.4,MOV_0495_GT,0,26,Video,1080P,100,On,Green,On,Off,Off,33,1.5.2
2020:03:04 11:50:11,16,6.4,MOV_0495_GT,0,26,Video,1080P,100,On,Green,On,Off,Off,33,1.5.2
2020:03:04 11:50:12,16,6.3,MOV_0495_GT,0,26,Video,1080P,100,On,Green,On,Off,Off,33,1.5.2
2020:03:04 11:50:13,16,6.2,MOV_0495_GT,0,26,Video,1080P,100,On,Green,On,Off,Off,33,1.5.2
2020:03:04 11:50:14,16,6.2,MOV_0495_GT,0,26,Video,1080P,100,On,Green,On,Off,Off,33,1.5.2
2020:03:04 11:50:15,16,6.2,MOV_0495_GT,0,26,Video,1080P,100,On,Green,On,Off,Off,33,1.5.2
2020:03:04 11:50:16,16,6.3,MOV_0495_GT,0,26,Video,1080P,100,On,Green,On,Off,Off,33,1.5.2
2020:03:04 11:50:17,16,6.3,MOV_0495_GT,0,26,Video,1080P,100,On,Green,On,Off,Off,33,1.5.2
2020:03:04 11:50:18,16,6.3,MOV_0495_GT,0,26,Video,1080P,100,On,Green,On,Off,Off,33,1.5.2
2020:03:04 11:50:19,16,6.4,MOV_0495_GT,0,26,Video,1080P,100,On,Green,On,Off,Off,33,1.5.2
2020:03:04 11:50:20,16,6.3,MOV_0495_GT,0,26,Video,1080P,100,On,Green,On,Off,Off,33,1.5.2
2020:03:04 11:50:21,16,6.3,MOV_0495_GT,0,26,Video,1080P,100,On,Green,On,Off,Off,33,1.5.2
2020:03:04 11:50:22,16,6.3,MOV_0495_GT,0,26,Video,1080P,100,On,Green,On,Off,Off,33,1.5.2
2020:03:04 11:50:23,16,6.3,MOV_0495_GT,0,26,Video,1080P,100,On,Green,On,Off,Off,33,1.5.2
2020:03:04 11:50:24,16,6.3,MOV_0495_GT,0,26,Video,1080P,100,On,Green,On,Off,Off,33,1.5.2
2020:03:04 11:50:25,16,6.3,MOV_0495_GT,0,26,Video,1080P,100,On,Green,On,Off,Off,33,1.5.2
2020:03:04 11:50:26,16,6.4,MOV_0495_GT,0,26,Video,1080P,100,On,Green,On,Off,Off,33,1.5.2
2020:03:04 11:50:27,16,6.3,MOV_0495_GT,0,26,Video,1080P,100,On,Green,On,Off,Off,33,1.5.2
2020:03:04 11:50:28,16,6.3,MOV_0495_GT,0,26,Video,1080P,100,On,Green,On,Off,Off,33,1.5.2
2020:03:04 11:50:29,16,6.2,MOV_0495_GT,0,26,Video,1080P,100,On,Green,On,Off,Off,33,1.5.2
2020:03:04 11:50:30,16,6.2,MOV_0495_GT,0,26,Video,1080P,100,On,Green,On,Off,Off,33,1.5.2
2020:03:04 11:50:31,16,6.2,MOV_0495_GT,0,26,Video,1080P,100,On,Green,On,Off,Off,33,1.5.2
2020:03:04 11:50:32,16,6.2,MOV_0495_GT,0,26,Video,1080P,100,On,Green,On,Off,Off,33,1.5.2
2020:03:04 11:50:33,16,6.2,MOV_0495_GT,0,26,Video,1080P,100,On,Green,On,Off,Off,33,1.5.2
2020:03:04 11:50:34,16,6.2,MOV_0495_GT,0,26,Video,1080P,100,On,Green,On,Off,Off,33,1.5.2
2020:03:04 11:50:35,16,6.1,MOV_0495_GT,0,26,Video,1080P,100,On,Green,On,Off,Off,33,1.5.2
2020:03:04 11:50:36,16,6.1,MOV_0495_GT,0,26,Video,1080P,100,On,Green,On,Off,Off,33,1.5.2
2020:03:04 11:50:37,16,6.1,MOV_0495_GT,0,26,Video,1080P,100,On,Green,On,Off,Off,33,1.5.2
2020:03:04 11:50:38,16,6.1,MOV_0495_GT,0,26,Video,1080P,100,On,Green,On,Off,Off,33,1.5.2
2020:03:04 11:50:39,16,6.2,MOV_0495_GT,0,26,Video,1080P,100,On,Green,On,Off,Off,33,1.5.2
2020:03:04 11:50:40,16,6.3,MOV_0495_GT,0,26,Video,1080P,100,On,Green,On,Off,Off,33,1.5.2
2020:03:04 11:50:41,16,6.2,MOV_0495_GT,0,26,Video,1080P,100,On,Green,On,Off,Off,33,1.5.2
2020:03:04 11:50:42,16,6.2,MOV_0495_GT,0,26,Video,1080P,100,On,Green,On,Off,Off,33,1.5.2
2020:03:04 11:50:43,16,6.1,MOV_0495_GT,0,26,Video,1080P,100,On,Green,On,Off,Off,33,1.5.2
2020:03:04 11:50:44,16,6.2,MOV_0495_GT,0,26,Video,1080P,100,On,Green,On,Off,Off,33,1.5.2
2020:03:04 11:50:45,16,6.2,MOV_0495_GT,0,26,Video,1080P,100,On,Green,On,Off,Off,33,1.5.2
2020:03:04 11:50:46,16,6.2,MOV_0495_GT,0,26,Video,1080P,100,On,Green,On,Off,Off,33,1.5.2
2020:03:04 11:50:47,16,6.1,MOV_0495_GT,0,26,Video,1080P,100,On,Green,On,Off,Off,33,1.5.2
2020:03:04 11:50:48,16,6.1,MOV_0495_GT,0,26,Video,1080P,100,On,Green,On,Off,Off,33,1.5.2
2020:03:04 11:50:49,16,6.2,MOV_0495_GT,0,26,Video,1080P,100,On,Green,On,Off,Off,33,1.5.2
2020:03:04 11:50:50,16,6.2,MOV_0495_GT,0,26,Video,1080P,100,On,Green,On,Off,Off,33,1.5.2
2020:03:04 11:50:51,16,6.1,MOV_0495_GT,0,26,Video,1080P,100,On,Green,On,Off,Off,33,1.5.2
2020:03:04 11:50:52,16,6.1,MOV_0495_GT,0,26,Video,1080P,100,On,Green,On,Off,Off,33,1.5.2
2020:03:04 11:50:53,16,6.2,MOV_0495_GT,0,26,Video,1080P,100,On,Green,On,Off,Off,33,1.5.2
2020:03:04 11:50:54,16,6.3,MOV_0495_GT,0,26,Video,1080P,100,On,Green,On,Off,Off,33,1.5.2
2020:03:04 11:50:55,16,6.4,MOV_0495_GT,0,26,Video,1080P,100,On,Green,On,Off,Off,33,1.5.2
2020:03:04 11:50:56,16,6.4,MOV_0495_GT,0,26,Video,1080P,100,On,Green,On,Off,Off,33,1.5.2
2020:03:04 11:50:57,16,6.4,MOV_0495_GT,0,26,Video,1080P,100,On,Green,On,Off,Off,33,1.5.2
2020:03:04 11:50:58,16,6.4,MOV_0495_GT,0,26,Video,1080P,100,On,Green,On,Off,Off,33,1.5.2
2020:03:04 11:50:59,16,6.4,MOV_0495_GT,0,26,Video,1080P,100,On,Green,On,Off,Off,33,1.5.2
2020:03:04 11:51:00,16,6.5,MOV_0495_GT,0,26,Video,1080P,100,On,Green,On,Off,Off,33,1.5.2
2020:03:04 11:51:01,16,6.5,MOV_0495_GT,0,26,Video,1080P,100,On,Green,On,Off,Off,33,1.5.2
2020:03:04 11:51:02,16,6.5,MOV_0495_GT,0,26,Video,1080P,100,On,Green,On,Off,Off,33,1.5.2
2020:03:04 11:51:03,16,6.4,MOV_0495_GT,0,26,Video,1080P,100,On,Green,On,Off,Off,33,1.5.2
2020:03:04 11:51:04,16,6.4,MOV_0495_GT,0,26,Video,1080P,100,On,Green,On,Off,Off,33,1.5.2
2020:03:04 11:51:05,16,6.4,MOV_0495_GT,0,26,Video,1080P,100,On,Green,On,Off,Off,33,1.5.2
2020:03:04 11:51:06,16,6.4,MOV_0495_GT,0,26,Video,1080P,100,On,Green,On,Off,Off,33,1.5.2
2020:03:04 11:51:07,16,6.4,MOV_0495_GT,0,26,Video,1080P,100,On,Green,On,Off,Off,33,1.5.2
2020:03:04 11:51:08,16,6.4,MOV_0495_GT,0,26,Video,1080P,100,On,Green,On,Off,Off,33,1.5.2
2020:03:04 11:51:09,16,6.4,MOV_0495_GT,0,26,Video,1080P,100,On,Green,On,Off,Off,33,1.5.2
2020:03:04 11:51:10,16,6.4,MOV_0495_GT,0,26,Video,1080P,100,On,Green,On,Off,Off,33,1.5.2
2020:03:04 11:51:11,16,6.5,MOV_0495_GT,0,26,Video,1080P,100,On,Green,On,Off,Off,33,1.5.2
2020:03:04 11:51:12,16,6.4,MOV_0495_GT,0,26,Video,1080P,100,On,Green,On,Off,Off,33,1.5.2
2020:03:04 11:51:13,16,6.3,MOV_0495_GT,0,26,Video,1080P,100,On,Green,On,Off,Off,33,1.5.2
2020:03:04 11:51:14,16,6.3,MOV_0495_GT,0,26,Video,1080P,100,On,Green,On,Off,Off,33,1.5.2
2020:03:04 11:51:15,16,6.4,MOV_0495_GT,0,26,Video,1080P,100,On,Green,On,Off,Off,33,1.5.2
2020:03:04 11:51:16,16,6.5,MOV_0495_GT,0,26,Video,1080P,100,On,Green,On,Off,Off,33,1.5.2
2020:03:04 11:51:17,16,6.5,MOV_0495_GT,0,26,Video,1080P,100,On,Green,On,Off,Off,33,1.5.2
2020:03:04 11:51:18,16,6.5,MOV_0495_GT,0,26,Video,1080P,100,On,Green,On,Off,Off,33,1.5.2
2020:03:04 11:51:19,16,6.4,MOV_0495_GT,0,26,Video,1080P,100,On,Green,On,Off,Off,33,1.5.2
2020:03:04 11:51:20,16,6.4,MOV_0495_GT,0,26,Video,1080P,100,On,Green,On,Off,Off,33,1.5.2
2020:03:04 11:51:21,16,6.4,MOV_0495_GT,0,26,Video,1080P,100,On,Green,On,Off,Off,33,1.5.2
2020:03:04 11:51:22,16,6.5,MOV_0495_GT,0,26,Video,1080P,100,On,Green,On,Off,Off,33,1.5.2
2020:03:04 11:51:23,16,6.6,MOV_0495_GT,0,26,Video,1080P,100,On,Green,On,Off,Off,33,1.5.2
2020:03:04 11:51:24,16,6.6,MOV_0495_GT,0,26,Video,1080P,100,On,Green,On,Off,Off,33,1.5.2
2020:03:04 11:51:25,16,6.5,MOV_0495_GT,0,26,Video,1080P,100,On,Green,On,Off,Off,33,1.5.2
2020:03:04 11:51:26,16,6.5,MOV_0495_GT,0,26,Video,1080P,100,On,Green,On,Off,Off,33,1.5.2
2020:03:04 11:51:27,16,6.5,MOV_0495_GT,0,26,Video,1080P,100,On,Green,On,Off,Off,33,1.5.2
2020:03:04 11:51:28,16,6.5,MOV_0495_GT,0,26,Video,1080P,100,On,Green,On,Off,Off,33,1.5.2
2020:03:04 11:51:29,16,6.4,MOV_0495_GT,0,26,Video,1080P,100,On,Green,On,Off,Off,33,1.5.2
2020:03:04 11:51:30,16,6.3,MOV_0495_GT,0,26,Video,1080P,100,On,Green,On,Off,Off,33,1.5.2
2020:03:04 11:51:31,16,6.3,MOV_0495_GT,0,26,Video,1080P,100,On,Green,On,Off,Off,33,1.5.2
2020:03:04 11:51:32,16,6.3,MOV_0495_GT,0,26,Video,1080P,100,On,Green,On,Off,Off,33,1.5.2
2020:03:04 11:51:33,16,6.3,MOV_0495_GT,0,26,Video,1080P,100,On,Green,On,Off,Off,33,1.5.2
2020:03:04 11:51:34,16,6.4,MOV_0495_GT,0,26,Video,1080P,100,On,Green,On,Off,Off,33,1.5.2
2020:03:04 11:51:35,16,6.4,MOV_0495_GT,0,26,Video,1080P,100,On,Green,On,Off,Off,33,1.5.2
2020:03:04 11:51:36,16,6.4,MOV_0495_GT,0,26,Video,1080P,100,On,Green,On,Off,Off,33,1.5.2
2020:03:04 11:51:37,16,6.4,MOV_0495_GT,0,26,Video,1080P,100,On,Green,On,Off,Off,33,1.5.2
2020:03:04 11:51:38,16,6.5,MOV_0495_GT,0,26,Video,1080P,100,On,Green,On,Off,Off,33,1.5.2
2020:03:04 11:51:39,16,6.4,MOV_0495_GT,0,26,Video,1080P,100,On,Green,On,Off,Off,33,1.5.2
2020:03:04 11:51:40,16,6.4,MOV_0495_GT,0,26,Video,1080P,100,On,Green,On,Off,Off,33,1.5.2
2020:03:04 11:51:41,16,6.4,MOV_0495_GT,0,26,Video,1080P,100,On,Green,On,Off,Off,33,1.5.2
2020:03:04 11:51:42,16,6.5,MOV_0495_GT,0,26,Video,1080P,100,On,Green,On,Off,Off,33,1.5.2
2020:03:04 11:51:43,16,6.6,MOV_0495_GT,0,25,Video,1080P,100,On,Green,On,Off,Off,33,1.5.2
2020:03:04 11:51:44,16,6.6,MOV_0495_GT,0,25,Video,1080P,100,On,Green,On,Off,Off,33,1.5.2
2020:03:04 11:51:45,16,6.6,MOV_0495_GT,0,25,Video,1080P,100,On,Green,On,Off,Off,33,1.5.2
2020:03:04 11:51:46,16,6.7,MOV_0495_GT,0,25,Video,1080P,100,On,Green,On,Off,Off,33,1.5.2
2020:03:04 11:51:47,16,6.7,MOV_0495_GT,0,25,Video,1080P,100,On,Green,On,Off,Off,33,1.5.2
2020:03:04 11:51:48,16,6.7,MOV_0495_GT,0,25,Video,1080P,100,On,Green,On,Off,Off,33,1.5.2
2020:03:04 11:51:49,16,6.7,MOV_0495_GT,0,25,Video,1080P,100,On,Green,On,Off,Off,33,1.5.2
2020:03:04 11:51:50,16,6.6,MOV_0495_GT,0,25,Video,1080P,100,On,Green,On,Off,Off,33,1.5.2
2020:03:04 11:51:51,16,6.6,MOV_0495_GT,0,25,Video,1080P,100,On,Green,On,Off,Off,33,1.5.2
2020:03:04 11:51:52,16,6.6,MOV_0495_GT,0,25,Video,1080P,100,On,Green,On,Off,Off,33,1.5.2
2020:03:04 11:51:53,16,6.6,MOV_0495_GT,0,25,Video,1080P,100,On,Green,On,Off,Off,33,1.5.2
2020:03:04 11:51:54,16,6.6,MOV_0495_GT,0,25,Video,1080P,100,On,Green,On,Off,Off,33,1.5.2
2020:03:04 11:51:55,16,6.6,MOV_0495_GT,0,25,Video,1080P,100,On,Green,On,Off,Off,33,1.5.2
2020:03:04 11:51:56,16,6.6,MOV_0495_GT,0,25,Video,1080P,100,On,Green,On,Off,Off,33,1.5.2
2020:03:04 11:51:57,16,6.6,MOV_0495_GT,0,25,Video,1080P,100,On,Green,On,Off,Off,33,1.5.2
2020:03:04 11:51:58,16,6.7,MOV_0495_GT,0,25,Video,1080P,100,On,Green,On,Off,Off,33,1.5.2
2020:03:04 11:51:59,16,6.7,MOV_0495_GT,0,25,Video,1080P,100,On,Green,On,Off,Off,33,1.5.2
2020:03:04 11:52:00,16,6.7,MOV_0495_GT,0,25,Video,1080P,100,On,Green,On,Off,Off,33,1.5.2
2020:03:04 11:52:01,16,6.6,MOV_0495_GT,0,25,Video,1080P,100,On,Green,On,Off,Off,33,1.5.2
2020:03:04 11:52:02,16,6.6,MOV_0495_GT,0,25,Video,1080P,100,On,Green,On,Off,Off,33,1.5.2
2020:03:04 11:52:03,16,6.6,MOV_0495_GT,0,25,Video,1080P,100,On,Green,On,Off,Off,33,1.5.2
2020:03:04 11:52:04,16,6.6,MOV_0495_GT,0,25,Video,1080P,100,On,Green,On,Off,Off,33,1.5.2
2020:03:04 11:52:05,16,6.6,MOV_0495_GT,0,25,Video,1080P,100,On,Green,On,Off,Off,33,1.5.2
2020:03:04 11:52:06,16,6.7,MOV_0495_GT,0,25,Video,1080P,100,On,Green,On,Off,Off,33,1.5.2
2020:03:04 11:52:07,16,6.7,MOV_0495_GT,0,25,Video,1080P,100,On,Green,On,Off,Off,33,1.5.2
2020:03:04 11:52:08,16,6.7,MOV_0495_GT,0,25,Video,1080P,100,On,Green,On,Off,Off,33,1.5.2
2020:03:04 11:52:09,16,6.6,MOV_0495_GT,0,25,Video,1080P,100,On,Green,On,Off,Off,33,1.5.2
2020:03:04 11:52:10,16,6.6,MOV_0495_GT,0,25,Video,1080P,100,On,Green,On,Off,Off,33,1.5.2
2020:03:04 11:52:11,16,6.6,MOV_0495_GT,0,25,Video,1080P,100,On,Green,On,Off,Off,33,1.5.2
2020:03:04 11:52:12,16,6.6,MOV_0495_GT,0,25,Video,1080P,100,On,Green,On,Off,Off,33,1.5.2
2020:03:04 11:52:13,16,6.7,MOV_0495_GT,0,25,Video,1080P,100,On,Green,On,Off,Off,33,1.5.2
2020:03:04 11:52:14,16,6.8,MOV_0495_GT,0,25,Video,1080P,100,On,Green,On,Off,Off,33,1.5.2
2020:03:04 11:52:15,16,6.7,MOV_0495_GT,0,25,Video,1080P,100,On,Green,On,Off,Off,33,1.5.2
2020:03:04 11:52:16,16,6.7,MOV_0495_GT,0,25,Video,1080P,100,On,Green,On,Off,Off,33,1.5.2
2020:03:04 11:52:17,16,6.6,MOV_0495_GT,0,25,Video,1080P,100,On,Green,On,Off,Off,33,1.5.2
2020:03:04 11:52:18,16,6.6,MOV_0495_GT,0,25,Video,1080P,100,On,Green,On,Off,Off,33,1.5.2
2020:03:04 11:52:19,16,6.5,MOV_0495_GT,0,25,Video,1080P,100,On,Green,On,Off,Off,33,1.5.2
2020:03:04 11:52:20,16,6.6,MOV_0495_GT,0,25,Video,1080P,100,On,Green,On,Off,Off,33,1.5.2
2020:03:04 11:52:21,16,6.7,MOV_0495_GT,0,25,Video,1080P,100,On,Green,On,Off,Off,33,1.5.2
2020:03:04 11:52:22,16,6.7,MOV_0495_GT,0,25,Video,1080P,100,On,Green,On,Off,Off,33,1.5.2
2020:03:04 11:52:23,16,6.7,MOV_0495_GT,0,25,Video,1080P,100,On,Green,On,Off,Off,33,1.5.2
2020:03:04 11:52:24,16,6.5,MOV_0495_GT,0,25,Video,1080P,100,On,Green,On,Off,Off,33,1.5.2
2020:03:04 11:52:25,16,6.4,MOV_0495_GT,0,25,Video,1080P,100,On,Green,On,Off,Off,33,1.5.2
2020:03:04 11:52:26,16,6.5,MOV_0495_GT,0,25,Video,1080P,100,On,Green,On,Off,Off,33,1.5.2
2020:03:04 11:52:27,16,6.6,MOV_0495_GT,0,25,Video,1080P,100,On,Green,On,Off,Off,33,1.5.2
2020:03:04 11:52:28,16,6.7,MOV_0495_GT,0,25,Video,1080P,100,On,Green,On,Off,Off,33,1.5.2
2020:03:04 11:52:29,16,6.7,MOV_0495_GT,0,25,Video,1080P,100,On,Green,On,Off,Off,33,1.5.2
2020:03:04 11:52:30,16,6.7,MOV_0495_GT,0,25,Video,1080P,100,On,Green,On,Off,Off,33,1.5.2
2020:03:04 11:52:31,16,6.8,MOV_0495_GT,0,25,Video,1080P,100,On,Green,On,Off,Off,33,1.5.2
2020:03:04 11:52:32,16,6.8,MOV_0495_GT,0,25,Video,1080P,100,On,Green,On,Off,Off,33,1.5.2
2020:03:04 11:52:33,16,6.8,MOV_0495_GT,0,25,Video,1080P,100,On,Green,On,Off,Off,33,1.5.2
2020:03:04 11:52:34,16,6.7,MOV_0495_GT,0,25,Video,1080P,100,On,Green,On,Off,Off,33,1.5.2
2020:03:04 11:52:35,16,6.7,MOV_0495_GT,0,25,Video,1080P,100,On,Green,On,Off,Off,33,1.5.2
2020:03:04 11:52:36,16,6.7,MOV_0495_GT,0,25,Video,1080P,100,On,Green,On,Off,Off,33,1.5.2
2020:03:04 11:52:37,16,6.7,MOV_0495_GT,0,25,Video,1080P,100,On,Green,On,Off,Off,33,1.5.2
2020:03:04 11:52:38,16,6.6,MOV_0495_GT,0,25,Video,1080P,100,On,Green,On,Off,Off,33,1.5.2
2020:03:04 11:52:39,16,6.6,MOV_0495_GT,0,25,Video,1080P,100,On,Green,On,Off,Off,33,1.5.2
2020:03:04 11:52:40,16,6.6,MOV_0495_GT,0,25,Video,1080P,100,On,Green,On,Off,Off,33,1.5.2
2020:03:04 11:52:41,16,6.6,MOV_0495_GT,0,25,Video,1080P,100,On,Green,On,Off,Off,33,1.5.2
2020:03:04 11:52:42,16,6.6,MOV_0495_GT,0,25,Video,1080P,100,On,Green,On,Off,Off,33,1.5.2
2020:03:04 11:52:43,16,6.6,MOV_0495_GT,0,25,Video,1080P,100,On,Green,On,Off,Off,33,1.5.2
2020:03:04 11:52:44,16,6.6,MOV_0495_GT,0,25,Video,1080P,100,On,Green,On,Off,Off,33,1.5.2
2020:03:04 11:52:45,16,6.6,MOV_0495_GT,0,25,Video,1080P,100,On,Green,On,Off,Off,33,1.5.2
2020:03:04 11:52:46,16,6.6,MOV_0495_GT,0,25,Video,1080P,100,On,Green,On,Off,Off,33,1.5.2
2020:03:04 11:52:47,16,6.6,MOV_0495_GT,0,25,Video,1080P,100,On,Green,On,Off,Off,33,1.5.2
2020:03:04 11:52:48,16,6.6,MOV_0495_GT,0,25,Video,1080P,100,On,Green,On,Off,Off,33,1.5.2
2020:03:04 11:52:49,16,6.6,MOV_0495_GT,0,25,Video,1080P,100,On,Green,On,Off,Off,33,1.5.2
2020:03:04 11:52:50,16,6.5,MOV_0495_GT,0,25,Video,1080P,100,On,Green,On,Off,Off,33,1.5.2
2020:03:04 11:52:51,16,6.6,MOV_0495_GT,0,25,Video,1080P,100,On,Green,On,Off,Off,33,1.5.2
2020:03:04 11:52:52,16,6.8,MOV_0495_GT,0,25,Video,1080P,100,On,Green,On,Off,Off,33,1.5.2
2020:03:04 11:52:53,16,6.8,MOV_0495_GT,0,25,Video,1080P,100,On,Green,On,Off,Off,33,1.5.2
2020:03:04 11:52:54,16,6.8,MOV_0495_GT,0,25,Video,1080P,100,On,Green,On,Off,Off,33,1.5.2
2020:03:04 11:52:55,16,6.8,MOV_0495_GT,0,25,Video,1080P,100,On,Green,On,Off,Off,33,1.5.2
2020:03:04 11:52:56,16,6.8,MOV_0495_GT,0,25,Video,1080P,100,On,Green,On,Off,Off,33,1.5.2
2020:03:04 11:52:57,16,6.8,MOV_0495_GT,0,25,Video,1080P,100,On,Green,On,Off,Off,33,1.5.2
2020:03:04 11:52:58,16,6.8,MOV_0495_GT,0,25,Video,1080P,100,On,Green,On,Off,Off,33,1.5.2
2020:03:04 11:52:59,16,6.9,MOV_0495_GT,0,25,Video,1080P,100,On,Green,On,Off,Off,33,1.5.2
2020:03:04 11:53:00,16,7,MOV_0495_GT,0,25,Video,1080P,100,On,Green,On,Off,Off,33,1.5.2
2020:03:04 11:53:01,16,7,MOV_0495_GT,0,25,Video,1080P,100,On,Green,On,Off,Off,33,1.5.2
2020:03:04 11:53:02,16,6.8,MOV_0495_GT,0,25,Video,1080P,100,On,Green,On,Off,Off,33,1.5.2
2020:03:04 11:53:03,16,6.8,MOV_0495_GT,0,25,Video,1080P,100,On,Green,On,Off,Off,33,1.5.2
2020:03:04 11:53:04,16,6.8,MOV_0495_GT,0,25,Video,1080P,100,On,Green,On,Off,Off,33,1.5.2
2020:03:04 11:53:05,16,6.8,MOV_0495_GT,0,25,Video,1080P,100,On,Green,On,Off,Off,33,1.5.2
2020:03:04 11:53:06,16,6.9,MOV_0495_GT,0,25,Video,1080P,100,On,Green,On,Off,Off,33,1.5.2
2020:03:04 11:53:07,16,6.9,MOV_0495_GT,0,25,Video,1080P,100,On,Green,On,Off,Off,33,1.5.2
2020:03:04 11:53:08,16,6.9,MOV_0495_GT,0,25,Video,1080P,100,On,Green,On,Off,Off,33,1.5.2
2020:03:04 11:53:09,16,6.8,MOV_0495_GT,0,25,Video,1080P,100,On,Green,On,Off,Off,33,1.5.2
2020:03:04 11:53:10,16,6.9,MOV_0495_GT,0,25,Video,1080P,100,On,Green,On,Off,Off,33,1.5.2
2020:03:04 11:53:11,16,6.8,MOV_0495_GT,0,25,Video,1080P,100,On,Green,On,Off,Off,33,1.5.2
2020:03:04 11:53:12,16,6.8,MOV_0495_GT,0,25,Video,1080P,100,On,Green,On,Off,Off,33,1.5.2
2020:03:04 11:53:13,16,6.7,MOV_0495_GT,0,25,Video,1080P,100,On,Green,On,Off,Off,33,1.5.2
2020:03:04 11:53:14,16,6.7,MOV_0495_GT,0,25,Video,1080P,100,On,Green,On,Off,Off,33,1.5.2
2020:03:04 11:53:15,16,6.7,MOV_0495_GT,0,25,Video,1080P,100,On,Green,On,Off,Off,33,1.5.2
2020:03:04 11:53:16,16,6.8,MOV_0495_GT,0,25,Video,1080P,100,On,Green,On,Off,Off,33,1.5.2
2020:03:04 11:53:17,16,6.9,MOV_0495_GT,0,25,Video,1080P,100,On,Green,On,Off,Off,33,1.5.2
2020:03:04 11:53:18,16,7,MOV_0495_GT,0,25,Video,1080P,100,On,Green,On,Off,Off,33,1.5.2
2020:03:04 11:53:19,16,7,MOV_0495_GT,0,25,Video,1080P,100,On,Green,On,Off,Off,33,1.5.2
2020:03:04 11:53:20,16,7,MOV_0495_GT,0,25,Video,1080P,100,On,Green,On,Off,Off,33,1.5.2
2020:03:04 11:53:21,16,7.1,MOV_0495_GT,0,25,Video,1080P,100,On,Green,On,Off,Off,33,1.5.2
2020:03:04 11:53:22,16,7.1,MOV_0495_GT,0,25,Video,1080P,100,On,Green,On,Off,Off,33,1.5.2
2020:03:04 11:53:23,16,7.1,MOV_0495_GT,0,25,Video,1080P,100,On,Green,On,Off,Off,33,1.5.2
2020:03:04 11:53:24,16,7,MOV_0495_GT,0,25,Video,1080P,100,On,Green,On,Off,Off,33,1.5.2
2020:03:04 11:53:25,16,7,MOV_0495_GT,0,25,Video,1080P,100,On,Green,On,Off,Off,33,1.5.2
2020:03:04 11:53:26,16,7,MOV_0495_GT,0,25,Video,1080P,100,On,Green,On,Off,Off,33,1.5.2
2020:03:04 11:53:27,16,7,MOV_0495_GT,0,25,Video,1080P,100,On,Green,On,Off,Off,33,1.5.2
2020:03:04 11:53:28,16,6.9,MOV_0495_GT,0,25,Video,1080P,100,On,Green,On,Off,Off,33,1.5.2
2020:03:04 11:53:29,16,6.8,MOV_0495_GT,0,25,Video,1080P,100,On,Green,On,Off,Off,33,1.5.2
2020:03:04 11:53:30,16,6.8,MOV_0495_GT,0,25,Video,1080P,100,On,Green,On,Off,Off,33,1.5.2
2020:03:04 11:53:31,16,6.8,MOV_0495_GT,0,25,Video,1080P,100,On,Green,On,Off,Off,33,1.5.2
2020:03:04 11:53:32,16,6.9,MOV_0495_GT,0,25,Video,1080P,100,On,Green,On,Off,Off,33,1.5.2
2020:03:04 11:53:33,16,6.9,MOV_0495_GT,0,25,Video,1080P,100,On,Green,On,Off,Off,33,1.5.2
2020:03:04 11:53:34,16,6.9,MOV_0495_GT,0,25,Video,1080P,100,On,Green,On,Off,Off,33,1.5.2
2020:03:04 11:53:35,16,6.8,MOV_0495_GT,0,25,Video,1080P,100,On,Green,On,Off,Off,33,1.5.2
2020:03:04 11:53:36,16,6.8,MOV_0495_GT,0,25,Video,1080P,100,On,Green,On,Off,Off,33,1.5.2
2020:03:04 11:53:37,16,6.8,MOV_0495_GT,0,25,Video,1080P,100,On,Green,On,Off,Off,33,1.5.2
2020:03:04 11:53:38,16,6.8,MOV_0495_GT,0,25,Video,1080P,100,On,Green,On,Off,Off,33,1.5.2
2020:03:04 11:53:39,16,6.8,MOV_0495_GT,0,25,Video,1080P,100,On,Green,On,Off,Off,33,1.5.2
2020:03:04 11:53:40,16,6.8,MOV_0495_GT,0,25,Video,1080P,100,On,Green,On,Off,Off,33,1.5.2
2020:03:04 11:53:41,16,6.7,MOV_0495_GT,0,25,Video,1080P,100,On,Green,On,Off,Off,33,1.5.2
2020:03:04 11:53:42,16,6.6,MOV_0495_GT,0,25,Video,1080P,100,On,Green,On,Off,Off,33,1.5.2
2020:03:04 11:53:43,16,6.6,MOV_0495_GT,0,25,Video,1080P,100,On,Green,On,Off,Off,33,1.5.2
2020:03:04 11:53:44,16,6.7,MOV_0495_GT,0,25,Video,1080P,100,On,Green,On,Off,Off,33,1.5.2
2020:03:04 11:53:45,16,6.7,MOV_0495_GT,0,25,Video,1080P,100,On,Green,On,Off,Off,33,1.5.2
2020:03:04 11:53:46,16,6.8,MOV_0495_GT,0,25,Video,1080P,100,On,Green,On,Off,Off,33,1.5.2
2020:03:04 11:53:47,16,6.7,MOV_0495_GT,0,25,Video,1080P,100,On,Green,On,Off,Off,33,1.5.2
2020:03:04 11:53:48,16,6.6,MOV_0495_GT,0,25,Video,1080P,100,On,Green,On,Off,Off,33,1.5.2
2020:03:04 11:53:49,16,6.6,MOV_0495_GT,0,25,Video,1080P,100,On,Green,On,Off,Off,33,1.5.2
2020:03:04 11:53:50,16,6.7,MOV_0495_GT,0,25,Video,1080P,100,On,Green,On,Off,Off,33,1.5.2
2020:03:04 11:53:51,16,6.8,MOV_0495_GT,0,25,Video,1080P,100,On,Green,On,Off,Off,33,1.5.2
2020:03:04 11:53:52,16,6.8,MOV_0495_GT,0,25,Video,1080P,100,On,Green,On,Off,Off,33,1.5.2
2020:03:04 11:53:53,16,6.7,MOV_0495_GT,0,25,Video,1080P,100,On,Green,On,Off,Off,33,1.5.2
2020:03:04 11:53:54,16,6.7,MOV_0495_GT,0,25,Video,1080P,100,On,Green,On,Off,Off,33,1.5.2
2020:03:04 11:53:55,16,6.7,MOV_0495_GT,0,25,Video,1080P,100,On,Green,On,Off,Off,33,1.5.2
2020:03:04 11:53:56,16,6.7,MOV_0495_GT,0,25,Video,1080P,100,On,Green,On,Off,Off,33,1.5.2
2020:03:04 11:53:57,16,6.8,MOV_0495_GT,0,25,Video,1080P,100,On,Green,On,Off,Off,33,1.5.2
2020:03:04 11:53:58,16,6.9,MOV_0495_GT,0,25,Video,1080P,100,On,Green,On,Off,Off,33,1.5.2
2020:03:04 11:53:59,16,6.9,MOV_0495_GT,0,25,Video,1080P,100,On,Green,On,Off,Off,33,1.5.2
2020:03:04 11:54:00,16,6.9,MOV_0495_GT,0,25,Video,1080P,100,On,Green,On,Off,Off,33,1.5.2
2020:03:04 11:54:01,16,6.9,MOV_0495_GT,0,25,Video,1080P,100,On,Green,On,Off,Off,33,1.5.2
2020:03:04 11:54:02,16,7,MOV_0495_GT,0,25,Video,1080P,100,On,Green,On,Off,Off,33,1.5.2
2020:03:04 11:54:03,16,7.1,MOV_0495_GT,0,25,Video,1080P,100,On,Green,On,Off,Off,33,1.5.2
2020:03:04 11:54:04,16,7.1,MOV_0495_GT,0,25,Video,1080P,100,On,Green,On,Off,Off,33,1.5.2
2020:03:04 11:54:05,16,7.2,MOV_0495_GT,0,25,Video,1080P,100,On,Green,On,Off,Off,33,1.5.2
2020:03:04 11:54:06,16,7.2,MOV_0495_GT,0,25,Video,1080P,100,On,Green,On,Off,Off,33,1.5.2
2020:03:04 11:54:07,16,7.2,MOV_0495_GT,0,25,Video,1080P,100,On,Green,On,Off,Off,33,1.5.2
2020:03:04 11:54:08,16,7.2,MOV_0495_GT,0,25,Video,1080P,100,On,Green,On,Off,Off,33,1.5.2
2020:03:04 11:54:09,16,7.2,MOV_0495_GT,0,25,Video,1080P,100,On,Green,On,Off,Off,33,1.5.2
2020:03:04 11:54:10,16,7.2,MOV_0495_GT,0,25,Video,1080P,100,On,Green,On,Off,Off,33,1.5.2
2020:03:04 11:54:11,16,7.2,MOV_0495_GT,0,25,Video,1080P,100,On,Green,On,Off,Off,33,1.5.2
2020:03:04 11:54:12,16,7.3,MOV_0495_GT,0,25,Video,1080P,100,On,Green,On,Off,Off,33,1.5.2
2020:03:04 11:54:13,16,7.2,MOV_0495_GT,0,25,Video,1080P,100,On,Green,On,Off,Off,33,1.5.2
2020:03:04 11:54:14,16,7.2,MOV_0495_GT,0,25,Video,1080P,100,On,Green,On,Off,Off,33,1.5.2
2020:03:04 11:54:15,16,7.1,MOV_0495_GT,0,25,Video,1080P,100,On,Green,On,Off,Off,33,1.5.2
2020:03:04 11:54:16,16,7.1,MOV_0495_GT,0,25,Video,1080P,100,On,Green,On,Off,Off,33,1.5.2
2020:03:04 11:54:17,16,7.2,MOV_0495_GT,0,25,Video,1080P,100,On,Green,On,Off,Off,33,1.5.2
2020:03:04 11:54:18,16,7.2,MOV_0495_GT,0,25,Video,1080P,100,On,Green,On,Off,Off,33,1.5.2
2020:03:04 11:54:19,16,7.2,MOV_0495_GT,0,25,Video,1080P,100,On,Green,On,Off,Off,33,1.5.2
2020:03:04 11:54:20,16,7.1,MOV_0495_GT,0,25,Video,1080P,100,On,Green,On,Off,Off,33,1.5.2
2020:03:04 11:54:21,16,7.1,MOV_0495_GT,0,25,Video,1080P,100,On,Green,On,Off,Off,33,1.5.2
2020:03:04 11:54:22,16,7.1,MOV_0495_GT,0,25,Video,1080P,100,On,Green,On,Off,Off,33,1.5.2
2020:03:04 11:54:23,16,7.1,MOV_0495_GT,0,25,Video,1080P,100,On,Green,On,Off,Off,33,1.5.2
2020:03:04 11:54:24,16,7.2,MOV_0495_GT,0,25,Video,1080P,100,On,Green,On,Off,Off,33,1.5.2
2020:03:04 11:54:25,16,7.1,MOV_0495_GT,0,25,Video,1080P,100,On,Green,On,Off,Off,33,1.5.2
2020:03:04 11:54:26,16,7.1,MOV_0495_GT,0,25,Video,1080P,100,On,Green,On,Off,Off,33,1.5.2
2020:03:04 11:54:27,16,7.1,MOV_0495_GT,0,25,Video,1080P,100,On,Green,On,Off,Off,33,1.5.2
2020:03:04 11:54:28,16,7.2,MOV_0495_GT,0,25,Video,1080P,100,On,Green,On,Off,Off,33,1.5.2
2020:03:04 11:54:29,16,7.4,MOV_0495_GT,0,25,Video,1080P,100,On,Green,On,Off,Off,33,1.5.2
2020:03:04 11:54:30,16,7.5,MOV_0495_GT,0,25,Video,1080P,100,On,Green,On,Off,Off,33,1.5.2
2020:03:04 11:54:31,16,7.5,MOV_0495_GT,0,25,Video,1080P,100,On,Green,On,Off,Off,33,1.5.2
2020:03:04 11:54:32,16,7.4,MOV_0495_GT,0,25,Video,1080P,100,On,Green,On,Off,Off,33,1.5.2
2020:03:04 11:54:33,16,7.4,MOV_0495_GT,0,25,Video,1080P,100,On,Green,On,Off,Off,33,1.5.2
2020:03:04 11:54:34,16,7.5,MOV_0495_GT,0,25,Video,1080P,100,On,Green,On,Off,Off,33,1.5.2
2020:03:04 11:54:35,16,7.5,MOV_0495_GT,0,25,Video,1080P,100,On,Green,On,Off,Off,33,1.5.2
2020:03:04 11:54:36,16,7.3,MOV_0495_GT,0,25,Video,1080P,100,On,Green,On,Off,Off,33,1.5.2
2020:03:04 11:54:37,16,7.1,MOV_0495_GT,0,25,Video,1080P,100,On,Green,On,Off,Off,33,1.5.2
2020:03:04 11:54:38,16,7.1,MOV_0495_GT,0,25,Video,1080P,100,On,Green,On,Off,Off,33,1.5.2
2020:03:04 11:54:39,16,7.3,MOV_0495_GT,0,25,Video,1080P,100,On,Green,On,Off,Off,33,1.5.2
2020:03:04 11:54:40,16,7.4,MOV_0495_GT,0,25,Video,1080P,100,On,Green,On,Off,Off,33,1.5.2
2020:03:04 11:54:41,16,7.5,MOV_0495_GT,0,25,Video,1080P,100,On,Green,On,Off,Off,33,1.5.2
2020:03:04 11:54:42,16,7.3,MOV_0495_GT,0,25,Video,1080P,100,On,Green,On,Off,Off,33,1.5.2
2020:03:04 11:54:43,16,7.2,MOV_0495_GT,0,25,Video,1080P,100,On,Green,On,Off,Off,33,1.5.2
2020:03:04 11:54:44,15.9,7.2,MOV_0495_GT,0,25,Video,1080P,100,On,Green,On,Off,Off,33,1.5.2
2020:03:04 11:54:45,16,7.2,MOV_0495_GT,0,25,Video,1080P,100,On,Green,On,Off,Off,33,1.5.2
2020:03:04 11:54:46,16,7.3,MOV_0495_GT,0,25,Video,1080P,100,On,Green,On,Off,Off,33,1.5.2
2020:03:04 11:54:47,16,7.4,MOV_0495_GT,0,25,Video,1080P,100,On,Green,On,Off,Off,33,1.5.2
2020:03:04 11:54:48,16,7.4,MOV_0495_GT,0,25,Video,1080P,100,On,Green,On,Off,Off,33,1.5.2
2020:03:04 11:54:49,16,7.4,MOV_0495_GT,0,25,Video,1080P,100,On,Green,On,Off,Off,33,1.5.2
2020:03:04 11:54:50,16,7.3,MOV_0495_GT,0,25,Video,1080P,100,On,Green,On,Off,Off,33,1.5.2
2020:03:04 11:54:51,16,7.2,MOV_0495_GT,0,25,Video,1080P,100,On,Green,On,Off,Off,33,1.5.2
2020:03:04 11:54:52,16,7.2,MOV_0495_GT,0,25,Video,1080P,100,On,Green,On,Off,Off,33,1.5.2
2020:03:04 11:54:53,16,7.3,MOV_0495_GT,0,25,Video,1080P,100,On,Green,On,Off,Off,33,1.5.2
2020:03:04 11:54:54,16,7.2,MOV_0495_GT,0,25,Video,1080P,100,On,Green,On,Off,Off,33,1.5.2
2020:03:04 11:54:55,15.9,7.3,MOV_0495_GT,0,25,Video,1080P,100,On,Green,On,Off,Off,33,1.5.2
2020:03:04 11:54:56,16,7.2,MOV_0495_GT,0,25,Video,1080P,100,On,Green,On,Off,Off,33,1.5.2
2020:03:04 11:54:57,16,7.2,MOV_0495_GT,0,25,Video,1080P,100,On,Green,On,Off,Off,33,1.5.2
2020:03:04 11:54:58,16,7.3,MOV_0495_GT,0,25,Video,1080P,100,On,Green,On,Off,Off,33,1.5.2
2020:03:04 11:54:59,16,7.3,MOV_0495_GT,0,25,Video,1080P,100,On,Green,On,Off,Off,33,1.5.2
2020:03:04 11:55:00,16,7.2,MOV_0495_GT,0,25,Video,1080P,100,On,Green,On,Off,Off,33,1.5.2
2020:03:04 11:55:01,16,7.3,MOV_0495_GT,0,25,Video,1080P,100,On,Green,On,Off,Off,33,1.5.2
2020:03:04 11:55:02,16,7.3,MOV_0495_GT,0,25,Video,1080P,100,On,Green,On,Off,Off,33,1.5.2
2020:03:04 11:55:03,16,7.3,MOV_0495_GT,0,25,Video,1080P,100,On,Green,On,Off,Off,33,1.5.2
2020:03:04 11:55:04,16,7.3,MOV_0495_GT,0,25,Video,1080P,100,On,Green,On,Off,Off,33,1.5.2
2020:03:04 11:55:05,16,7.3,MOV_0495_GT,0,25,Video,1080P,100,On,Green,On,Off,Off,33,1.5.2
2020:03:04 11:55:06,16,7.3,MOV_0495_GT,0,25,Video,1080P,100,On,Green,On,Off,Off,33,1.5.2
2020:03:04 11:55:07,16,7.2,MOV_0495_GT,0,25,Video,1080P,100,On,Green,On,Off,Off,33,1.5.2
2020:03:04 11:55:08,16,7.2,MOV_0495_GT,0,25,Video,1080P,100,On,Green,On,Off,Off,33,1.5.2
2020:03:04 11:55:09,16,7.3,MOV_0495_GT,0,25,Video,1080P,100,On,Green,On,Off,Off,33,1.5.2
2020:03:04 11:55:10,16,7.3,MOV_0495_GT,0,25,Video,1080P,100,On,Green,On,Off,Off,33,1.5.2
2020:03:04 11:55:11,16,7.3,MOV_0495_GT,0,25,Video,1080P,100,On,Green,On,Off,Off,33,1.5.2
2020:03:04 11:55:12,16,7.2,MOV_0495_GT,0,25,Video,1080P,100,On,Green,On,Off,Off,33,1.5.2
2020:03:04 11:55:13,16,7.3,MOV_0495_GT,0,25,Video,1080P,100,On,Green,On,Off,Off,33,1.5.2
2020:03:04 11:55:14,16,7.3,MOV_0495_GT,0,25,Video,1080P,100,On,Green,On,Off,Off,33,1.5.2
2020:03:04 11:55:15,16,7.3,MOV_0495_GT,0,25,Video,1080P,100,On,Green,On,Off,Off,33,1.5.2
2020:03:04 11:55:16,16,7.3,MOV_0495_GT,0,25,Video,1080P,100,On,Green,On,Off,Off,33,1.5.2
2020:03:04 11:55:17,16,7.3,MOV_0495_GT,0,25,Video,1080P,100,On,Green,On,Off,Off,33,1.5.2
2020:03:04 11:55:18,16,7.3,MOV_0495_GT,0,25,Video,1080P,100,On,Green,On,Off,Off,33,1.5.2
2020:03:04 11:55:19,16,7.3,MOV_0495_GT,0,25,Video,1080P,100,On,Green,On,Off,Off,33,1.5.2
2020:03:04 11:55:20,16,7.3,MOV_0495_GT,0,25,Video,1080P,100,On,Green,On,Off,Off,33,1.5.2
2020:03:04 11:55:21,16,7.3,MOV_0495_GT,0,24,Video,1080P,100,On,Green,On,Off,Off,33,1.5.2
2020:03:04 11:55:22,16,7.4,MOV_0495_GT,0,24,Video,1080P,100,On,Green,On,Off,Off,33,1.5.2
2020:03:04 11:55:23,16,7.4,MOV_0495_GT,0,24,Video,1080P,100,On,Green,On,Off,Off,33,1.5.2
2020:03:04 11:55:24,16,7.5,MOV_0495_GT,0,24,Video,1080P,100,On,Green,On,Off,Off,33,1.5.2
2020:03:04 11:55:25,16,7.4,MOV_0495_GT,0,24,Video,1080P,100,On,Green,On,Off,Off,33,1.5.2
2020:03:04 11:55:26,16,7.4,MOV_0495_GT,0,24,Video,1080P,100,On,Green,On,Off,Off,33,1.5.2
2020:03:04 11:55:27,16,7.3,MOV_0495_GT,0,24,Video,1080P,100,On,Green,On,Off,Off,33,1.5.2
2020:03:04 11:55:28,16,7.3,MOV_0495_GT,0,24,Video,1080P,100,On,Green,On,Off,Off,33,1.5.2
2020:03:04 11:55:29,16,7.4,MOV_0495_GT,0,24,Video,1080P,100,On,Green,On,Off,Off,33,1.5.2
2020:03:04 11:55:30,16,7.5,MOV_0495_GT,0,24,Video,1080P,100,On,Green,On,Off,Off,33,1.5.2
2020:03:04 11:55:30,16,7.5,MOV_0496_GT,0,24,Video,1080P,100,On,Green,On,Off,Off,33,1.5.2
2020:03:04 11:55:31,16,7.6,MOV_0496_GT,0,24,Video,1080P,100,On,Green,On,Off,Off,33,1.5.2
2020:03:04 11:55:32,16,7.7,MOV_0496_GT,0,24,Video,1080P,100,On,Green,On,Off,Off,33,1.5.2
2020:03:04 11:55:33,16,7.6,MOV_0496_GT,0,24,Video,1080P,100,On,Green,On,Off,Off,33,1.5.2
2020:03:04 11:55:34,16,7.5,MOV_0496_GT,0,24,Video,1080P,100,On,Green,On,Off,Off,33,1.5.2
2020:03:04 11:55:35,16,7.6,MOV_0496_GT,0,24,Video,1080P,100,On,Green,On,Off,Off,33,1.5.2
2020:03:04 11:55:36,16,7.7,MOV_0496_GT,0,24,Video,1080P,100,On,Green,On,Off,Off,33,1.5.2
2020:03:04 11:55:37,16,7.8,MOV_0496_GT,0,24,Video,1080P,100,On,Green,On,Off,Off,33,1.5.2
2020:03:04 11:55:38,16,7.8,MOV_0496_GT,0,24,Video,1080P,100,On,Green,On,Off,Off,33,1.5.2
2020:03:04 11:55:39,16,7.8,MOV_0496_GT,0,24,Video,1080P,100,On,Green,On,Off,Off,33,1.5.2
2020:03:04 11:55:40,16,7.7,MOV_0496_GT,0,24,Video,1080P,100,On,Green,On,Off,Off,33,1.5.2
2020:03:04 11:55:41,16,7.6,MOV_0496_GT,0,24,Video,1080P,100,On,Green,On,Off,Off,33,1.5.2
2020:03:04 11:55:42,16,7.6,MOV_0496_GT,0,24,Video,1080P,100,On,Green,On,Off,Off,33,1.5.2
2020:03:04 11:55:43,16,7.8,MOV_0496_GT,0,24,Video,1080P,100,On,Green,On,Off,Off,33,1.5.2
2020:03:04 11:55:44,16,7.8,MOV_0496_GT,0,24,Video,1080P,100,On,Green,On,Off,Off,33,1.5.2
2020:03:04 11:55:45,16,7.8,MOV_0496_GT,0,24,Video,1080P,100,On,Green,On,Off,Off,33,1.5.2
2020:03:04 11:55:46,16,7.7,MOV_0496_GT,0,24,Video,1080P,100,On,Green,On,Off,Off,33,1.5.2
2020:03:04 11:55:47,16,7.7,MOV_0496_GT,0,24,Video,1080P,100,On,Green,On,Off,Off,33,1.5.2
2020:03:04 11:55:48,16,7.6,MOV_0496_GT,0,24,Video,1080P,100,On,Green,On,Off,Off,33,1.5.2
2020:03:04 11:55:49,16,7.6,MOV_0496_GT,0,24,Video,1080P,100,On,Green,On,Off,Off,33,1.5.2
2020:03:04 11:55:50,16,7.6,MOV_0496_GT,0,24,Video,1080P,100,On,Green,On,Off,Off,33,1.5.2
2020:03:04 11:55:51,16,7.5,MOV_0496_GT,0,24,Video,1080P,100,On,Green,On,Off,Off,33,1.5.2
2020:03:04 11:55:52,16,7.6,MOV_0496_GT,0,24,Video,1080P,100,On,Green,On,Off,Off,33,1.5.2
2020:03:04 11:55:53,16,7.6,MOV_0496_GT,0,24,Video,1080P,100,On,Green,On,Off,Off,33,1.5.2
2020:03:04 11:55:54,16,7.5,MOV_0496_GT,0,24,Video,1080P,100,On,Green,On,Off,Off,33,1.5.2
2020:03:04 11:55:55,16,7.5,MOV_0496_GT,0,24,Video,1080P,100,On,Green,On,Off,Off,33,1.5.2
2020:03:04 11:55:56,16,7.4,MOV_0496_GT,0,24,Video,1080P,100,On,Green,On,Off,Off,33,1.5.2
2020:03:04 11:55:57,16,7.4,MOV_0496_GT,0,24,Video,1080P,100,On,Green,On,Off,Off,33,1.5.2
2020:03:04 11:55:58,16,7.6,MOV_0496_GT,0,24,Video,1080P,100,On,Green,On,Off,Off,33,1.5.2
2020:03:04 11:55:59,16,7.7,MOV_0496_GT,0,24,Video,1080P,100,On,Green,On,Off,Off,33,1.5.2
2020:03:04 11:56:00,16,7.7,MOV_0496_GT,0,24,Video,1080P,100,On,Green,On,Off,Off,33,1.5.2
2020:03:04 11:56:01,16,7.6,MOV_0496_GT,0,24,Video,1080P,100,On,Green,On,Off,Off,33,1.5.2
2020:03:04 11:56:02,16,7.5,MOV_0496_GT,0,24,Video,1080P,100,On,Green,On,Off,Off,33,1.5.2
2020:03:04 11:56:03,16,7.5,MOV_0496_GT,0,24,Video,1080P,100,On,Green,On,Off,Off,33,1.5.2
2020:03:04 11:56:04,16,7.5,MOV_0496_GT,0,24,Video,1080P,100,On,Green,On,Off,Off,33,1.5.2
2020:03:04 11:56:05,16,7.6,MOV_0496_GT,0,24,Video,1080P,100,On,Green,On,Off,Off,33,1.5.2
2020:03:04 11:56:06,16,7.5,MOV_0496_GT,0,24,Video,1080P,100,On,Green,On,Off,Off,33,1.5.2
2020:03:04 11:56:07,15.9,7.6,MOV_0496_GT,0,24,Video,1080P,100,On,Green,On,Off,Off,33,1.5.2
2020:03:04 11:56:08,16,7.6,MOV_0496_GT,0,24,Video,1080P,100,On,Green,On,Off,Off,33,1.5.2
2020:03:04 11:56:09,16,7.6,MOV_0496_GT,0,24,Video,1080P,100,On,Green,On,Off,Off,33,1.5.2
2020:03:04 11:56:10,16,7.7,MOV_0496_GT,0,24,Video,1080P,100,On,Green,On,Off,Off,33,1.5.2
2020:03:04 11:56:11,16,7.8,MOV_0496_GT,0,24,Video,1080P,100,On,Green,On,Off,Off,33,1.5.2
2020:03:04 11:56:12,16,7.8,MOV_0496_GT,0,24,Video,1080P,100,On,Green,On,Off,Off,33,1.5.2
2020:03:04 11:56:13,16,7.7,MOV_0496_GT,0,24,Video,1080P,100,On,Green,On,Off,Off,33,1.5.2
2020:03:04 11:56:14,16,7.6,MOV_0496_GT,0,24,Video,1080P,100,On,Green,On,Off,Off,33,1.5.2
2020:03:04 11:56:15,16,7.5,MOV_0496_GT,0,24,Video,1080P,100,On,Green,On,Off,Off,33,1.5.2
2020:03:04 11:56:16,16,7.6,MOV_0496_GT,0,24,Video,1080P,100,On,Green,On,Off,Off,33,1.5.2
2020:03:04 11:56:17,16,7.7,MOV_0496_GT,0,24,Video,1080P,100,On,Green,On,Off,Off,33,1.5.2
2020:03:04 11:56:18,16,7.6,MOV_0496_GT,0,24,Video,1080P,100,On,Green,On,Off,Off,33,1.5.2
2020:03:04 11:56:19,16,7.6,MOV_0496_GT,0,24,Video,1080P,100,On,Green,On,Off,Off,33,1.5.2
2020:03:04 11:56:20,16,7.5,MOV_0496_GT,0,24,Video,1080P,100,On,Green,On,Off,Off,33,1.5.2
2020:03:04 11:56:21,16,7.5,MOV_0496_GT,0,24,Video,1080P,100,On,Green,On,Off,Off,33,1.5.2
2020:03:04 11:56:22,16,7.6,MOV_0496_GT,0,24,Video,1080P,100,On,Green,On,Off,Off,33,1.5.2
2020:03:04 11:56:23,16,7.7,MOV_0496_GT,0,24,Video,1080P,100,On,Green,On,Off,Off,33,1.5.2
2020:03:04 11:56:24,16,7.7,MOV_0496_GT,0,24,Video,1080P,100,On,Green,On,Off,Off,33,1.5.2
2020:03:04 11:56:25,16,7.6,MOV_0496_GT,0,24,Video,1080P,100,On,Green,On,Off,Off,33,1.5.2
2020:03:04 11:56:26,16,7.5,MOV_0496_GT,0,24,Video,1080P,100,On,Green,On,Off,Off,33,1.5.2
2020:03:04 11:56:27,16,7.4,MOV_0496_GT,0,24,Video,1080P,100,On,Green,On,Off,Off,33,1.5.2
2020:03:04 11:56:28,16,7.5,MOV_0496_GT,0,24,Video,1080P,100,On,Green,On,Off,Off,33,1.5.2
2020:03:04 11:56:29,16,7.5,MOV_0496_GT,0,24,Video,1080P,100,On,Green,On,Off,Off,33,1.5.2
2020:03:04 11:56:30,16,7.5,MOV_0496_GT,0,24,Video,1080P,100,On,Green,On,Off,Off,33,1.5.2
2020:03:04 11:56:31,16,7.5,MOV_0496_GT,0,24,Video,1080P,100,On,Green,On,Off,Off,33,1.5.2
2020:03:04 11:56:32,16,7.5,MOV_0496_GT,0,24,Video,1080P,100,On,Green,On,Off,Off,33,1.5.2
2020:03:04 11:56:33,16,7.5,MOV_0496_GT,0,24,Video,1080P,100,On,Green,On,Off,Off,33,1.5.2
2020:03:04 11:56:34,16,7.5,MOV_0496_GT,0,24,Video,1080P,100,On,Green,On,Off,Off,33,1.5.2
2020:03:04 11:56:35,16,7.5,MOV_0496_GT,0,24,Video,1080P,100,On,Green,On,Off,Off,33,1.5.2
2020:03:04 11:56:36,16,7.5,MOV_0496_GT,0,24,Video,1080P,100,On,Green,On,Off,Off,33,1.5.2
2020:03:04 11:56:37,16,7.4,MOV_0496_GT,0,24,Video,1080P,100,On,Green,On,Off,Off,33,1.5.2
2020:03:04 11:56:38,16,7.4,MOV_0496_GT,0,24,Video,1080P,100,On,Green,On,Off,Off,33,1.5.2
2020:03:04 11:56:39,16,7.4,MOV_0496_GT,0,24,Video,1080P,100,On,Green,On,Off,Off,33,1.5.2
2020:03:04 11:56:40,16,7.5,MOV_0496_GT,0,24,Video,1080P,100,On,Green,On,Off,Off,33,1.5.2
2020:03:04 11:56:41,15.9,7.6,MOV_0496_GT,0,24,Video,1080P,100,On,Green,On,Off,Off,33,1.5.2
2020:03:04 11:56:42,16,7.6,MOV_0496_GT,0,24,Video,1080P,100,On,Green,On,Off,Off,33,1.5.2
2020:03:04 11:56:43,16,7.6,MOV_0496_GT,0,24,Video,1080P,100,On,Green,On,Off,Off,33,1.5.2
2020:03:04 11:56:44,16,7.5,MOV_0496_GT,0,24,Video,1080P,100,On,Green,On,Off,Off,33,1.5.2
2020:03:04 11:56:45,16,7.4,MOV_0496_GT,0,24,Video,1080P,100,On,Green,On,Off,Off,33,1.5.2
2020:03:04 11:56:46,16,7.4,MOV_0496_GT,0,24,Video,1080P,100,On,Green,On,Off,Off,33,1.5.2
2020:03:04 11:56:47,16,7.5,MOV_0496_GT,0,24,Video,1080P,100,On,Green,On,Off,Off,33,1.5.2
2020:03:04 11:56:48,16,7.6,MOV_0496_GT,0,24,Video,1080P,100,On,Green,On,Off,Off,33,1.5.2
2020:03:04 11:56:49,16,7.5,MOV_0496_GT,0,24,Video,1080P,100,On,Green,On,Off,Off,33,1.5.2
2020:03:04 11:56:50,16,7.5,MOV_0496_GT,0,24,Video,1080P,100,On,Green,On,Off,Off,33,1.5.2
2020:03:04 11:56:51,16,7.4,MOV_0496_GT,0,24,Video,1080P,100,On,Green,On,Off,Off,33,1.5.2
2020:03:04 11:56:52,16,7.4,MOV_0496_GT,0,24,Video,1080P,100,On,Green,On,Off,Off,33,1.5.2
2020:03:04 11:56:53,16,7.4,MOV_0496_GT,0,24,Video,1080P,100,On,Green,On,Off,Off,33,1.5.2
2020:03:04 11:56:54,16,7.4,MOV_0496_GT,0,24,Video,1080P,100,On,Green,On,Off,Off,33,1.5.2
2020:03:04 11:56:55,16,7.5,MOV_0496_GT,0,24,Video,1080P,100,On,Green,On,Off,Off,33,1.5.2
2020:03:04 11:56:56,16,7.5,MOV_0496_GT,0,24,Video,1080P,100,On,Green,On,Off,Off,33,1.5.2
2020:03:04 11:56:57,15.9,7.5,MOV_0496_GT,0,24,Video,1080P,100,On,Green,On,Off,Off,33,1.5.2
2020:03:04 11:56:58,16,7.5,MOV_0496_GT,0,24,Video,1080P,100,On,Green,On,Off,Off,33,1.5.2
2020:03:04 11:56:59,16,7.4,MOV_0496_GT,0,24,Video,1080P,100,On,Green,On,Off,Off,33,1.5.2
2020:03:04 11:57:00,16,7.3,MOV_0496_GT,0,24,Video,1080P,100,On,Green,On,Off,Off,33,1.5.2
2020:03:04 11:57:01,16,7.3,MOV_0496_GT,0,24,Video,1080P,100,On,Green,On,Off,Off,33,1.5.2
2020:03:04 11:57:02,16,7.3,MOV_0496_GT,0,24,Video,1080P,100,On,Green,On,Off,Off,33,1.5.2
2020:03:04 11:57:03,16,7.4,MOV_0496_GT,0,24,Video,1080P,100,On,Green,On,Off,Off,33,1.5.2
2020:03:04 11:57:04,16,7.4,MOV_0496_GT,0,24,Video,1080P,100,On,Green,On,Off,Off,33,1.5.2
2020:03:04 11:57:05,15.9,7.4,MOV_0496_GT,0,24,Video,1080P,100,On,Green,On,Off,Off,33,1.5.2
2020:03:04 11:57:06,16,7.5,MOV_0496_GT,0,24,Video,1080P,100,On,Green,On,Off,Off,33,1.5.2
2020:03:04 11:57:07,16,7.4,MOV_0496_GT,0,24,Video,1080P,100,On,Green,On,Off,Off,33,1.5.2
2020:03:04 11:57:08,15.9,7.4,MOV_0496_GT,0,24,Video,1080P,100,On,Green,On,Off,Off,33,1.5.2
2020:03:04 11:57:09,16,7.4,MOV_0496_GT,0,24,Video,1080P,100,On,Green,On,Off,Off,33,1.5.2
2020:03:04 11:57:10,16,7.4,MOV_0496_GT,0,24,Video,1080P,100,On,Green,On,Off,Off,33,1.5.2
2020:03:04 11:57:11,16,7.4,MOV_0496_GT,0,24,Video,1080P,100,On,Green,On,Off,Off,33,1.5.2
2020:03:04 11:57:12,16,7.4,MOV_0496_GT,0,24,Video,1080P,100,On,Green,On,Off,Off,33,1.5.2
2020:03:04 11:57:13,16,7.4,MOV_0496_GT,0,24,Video,1080P,100,On,Green,On,Off,Off,33,1.5.2
2020:03:04 11:57:14,15.9,7.3,MOV_0496_GT,0,24,Video,1080P,100,On,Green,On,Off,Off,33,1.5.2
2020:03:04 11:57:15,16,7.3,MOV_0496_GT,0,24,Video,1080P,100,On,Green,On,Off,Off,33,1.5.2
2020:03:04 11:57:16,15.9,7.2,MOV_0496_GT,0,24,Video,1080P,100,On,Green,On,Off,Off,33,1.5.2
2020:03:04 11:57:17,16,7.3,MOV_0496_GT,0,24,Video,1080P,100,On,Green,On,Off,Off,33,1.5.2
2020:03:04 11:57:18,16,7.4,MOV_0496_GT,0,24,Video,1080P,100,On,Green,On,Off,Off,33,1.5.2
2020:03:04 11:57:19,15.9,7.4,MOV_0496_GT,0,24,Video,1080P,100,On,Green,On,Off,Off,33,1.5.2
2020:03:04 11:57:20,16,7.4,MOV_0496_GT,0,24,Video,1080P,100,On,Green,On,Off,Off,33,1.5.2
2020:03:04 11:57:21,16,7.4,MOV_0496_GT,0,24,Video,1080P,100,On,Green,On,Off,Off,33,1.5.2
2020:03:04 11:57:22,15.9,7.5,MOV_0496_GT,0,24,Video,1080P,100,On,Green,On,Off,Off,33,1.5.2
2020:03:04 11:57:23,15.9,7.5,MOV_0496_GT,0,24,Video,1080P,100,On,Green,On,Off,Off,33,1.5.2
2020:03:04 11:57:24,16,7.5,MOV_0496_GT,0,24,Video,1080P,100,On,Green,On,Off,Off,33,1.5.2
2020:03:04 11:57:25,16,7.4,MOV_0496_GT,0,24,Video,1080P,100,On,Green,On,Off,Off,33,1.5.2
2020:03:04 11:57:26,15.9,7.3,MOV_0496_GT,0,24,Video,1080P,100,On,Green,On,Off,Off,33,1.5.2
2020:03:04 11:57:27,16,7.3,MOV_0496_GT,0,24,Video,1080P,100,On,Green,On,Off,Off,33,1.5.2
2020:03:04 11:57:28,16,7.4,MOV_0496_GT,0,24,Video,1080P,100,On,Green,On,Off,Off,33,1.5.2
2020:03:04 11:57:29,16,7.6,MOV_0496_GT,0,24,Video,1080P,100,On,Green,On,Off,Off,33,1.5.2
2020:03:04 11:57:30,16,7.7,MOV_0496_GT,0,24,Video,1080P,100,On,Green,On,Off,Off,33,1.5.2
2020:03:04 11:57:31,16,7.7,MOV_0496_GT,0,24,Video,1080P,100,On,Green,On,Off,Off,33,1.5.2
2020:03:04 11:57:32,15.9,7.6,MOV_0496_GT,0,24,Video,1080P,100,On,Green,On,Off,Off,33,1.5.2
2020:03:04 11:57:33,16,7.5,MOV_0496_GT,0,24,Video,1080P,100,On,Green,On,Off,Off,33,1.5.2
2020:03:04 11:57:34,16,7.5,MOV_0496_GT,0,24,Video,1080P,100,On,Green,On,Off,Off,33,1.5.2
2020:03:04 11:57:35,16,7.5,MOV_0496_GT,0,24,Video,1080P,100,On,Green,On,Off,Off,33,1.5.2
2020:03:04 11:57:36,16,7.6,MOV_0496_GT,0,24,Video,1080P,100,On,Green,On,Off,Off,33,1.5.2
2020:03:04 11:57:37,15.9,7.6,MOV_0496_GT,0,24,Video,1080P,100,On,Green,On,Off,Off,33,1.5.2
2020:03:04 11:57:38,16,7.5,MOV_0496_GT,0,24,Video,1080P,100,On,Green,On,Off,Off,33,1.5.2
2020:03:04 11:57:39,16,7.4,MOV_0496_GT,0,24,Video,1080P,100,On,Green,On,Off,Off,33,1.5.2
2020:03:04 11:57:40,15.9,7.4,MOV_0496_GT,0,24,Video,1080P,100,On,Green,On,Off,Off,33,1.5.2
2020:03:04 11:57:41,16,7.4,MOV_0496_GT,0,24,Video,1080P,100,On,Green,On,Off,Off,33,1.5.2
2020:03:04 11:57:42,15.9,7.4,MOV_0496_GT,0,24,Video,1080P,100,On,Green,On,Off,Off,33,1.5.2
2020:03:04 11:57:43,16,7.4,MOV_0496_GT,0,24,Video,1080P,100,On,Green,On,Off,Off,33,1.5.2
2020:03:04 11:57:44,16,7.3,MOV_0496_GT,0,24,Video,1080P,100,On,Green,On,Off,Off,33,1.5.2
2020:03:04 11:57:45,16,7.4,MOV_0496_GT,0,24,Video,1080P,100,On,Green,On,Off,Off,33,1.5.2
2020:03:04 11:57:46,16,7.4,MOV_0496_GT,0,24,Video,1080P,100,On,Green,On,Off,Off,33,1.5.2
2020:03:04 11:57:47,16,7.5,MOV_0496_GT,0,24,Video,1080P,100,On,Green,On,Off,Off,33,1.5.2
2020:03:04 11:57:48,16,7.4,MOV_0496_GT,0,24,Video,1080P,100,On,Green,On,Off,Off,33,1.5.2
2020:03:04 11:57:49,15.9,7.3,MOV_0496_GT,0,24,Video,1080P,100,On,Green,On,Off,Off,33,1.5.2
2020:03:04 11:57:50,15.9,7.3,MOV_0496_GT,0,24,Video,1080P,100,On,Green,On,Off,Off,33,1.5.2
2020:03:04 11:57:51,16,7.3,MOV_0496_GT,0,24,Video,1080P,100,On,Green,On,Off,Off,33,1.5.2
2020:03:04 11:57:52,16,7.4,MOV_0496_GT,0,24,Video,1080P,100,On,Green,On,Off,Off,33,1.5.2
2020:03:04 11:57:53,16,7.4,MOV_0496_GT,0,24,Video,1080P,100,On,Green,On,Off,Off,33,1.5.2
2020:03:04 11:57:54,16,7.4,MOV_0496_GT,0,24,Video,1080P,100,On,Green,On,Off,Off,33,1.5.2
2020:03:04 11:57:55,16,7.4,MOV_0496_GT,0,24,Video,1080P,100,On,Green,On,Off,Off,33,1.5.2
2020:03:04 11:57:56,16,7.3,MOV_0496_GT,0,24,Video,1080P,100,On,Green,On,Off,Off,33,1.5.2
2020:03:04 11:57:57,16,7.3,MOV_0496_GT,0,24,Video,1080P,100,On,Green,On,Off,Off,33,1.5.2
2020:03:04 11:57:58,16,7.3,MOV_0496_GT,0,24,Video,1080P,100,On,Green,On,Off,Off,33,1.5.2
2020:03:04 11:57:59,16,7.4,MOV_0496_GT,0,24,Video,1080P,100,On,Green,On,Off,Off,33,1.5.2
2020:03:04 11:58:00,16,7.4,MOV_0496_GT,0,24,Video,1080P,100,On,Green,On,Off,Off,33,1.5.2
2020:03:04 11:58:01,15.9,7.5,MOV_0496_GT,0,24,Video,1080P,100,On,Green,On,Off,Off,33,1.5.2
2020:03:04 11:58:02,16,7.5,MOV_0496_GT,0,24,Video,1080P,100,On,Green,On,Off,Off,33,1.5.2
2020:03:04 11:58:03,15.9,7.5,MOV_0496_GT,0,23,Video,1080P,100,On,Green,On,Off,Off,33,1.5.2
2020:03:04 11:58:04,16,7.5,MOV_0496_GT,0,23,Video,1080P,100,On,Green,On,Off,Off,33,1.5.2
2020:03:04 11:58:05,16,7.6,MOV_0496_GT,0,23,Video,1080P,100,On,Green,On,Off,Off,33,1.5.2
2020:03:04 11:58:06,15.9,7.6,MOV_0496_GT,0,23,Video,1080P,100,On,Green,On,Off,Off,33,1.5.2
2020:03:04 11:58:07,16,7.6,MOV_0496_GT,0,23,Video,1080P,100,On,Green,On,Off,Off,33,1.5.2
2020:03:04 11:58:08,16,7.5,MOV_0496_GT,0,23,Video,1080P,100,On,Green,On,Off,Off,33,1.5.2
2020:03:04 11:58:09,15.9,7.4,MOV_0496_GT,0,23,Video,1080P,100,On,Green,On,Off,Off,33,1.5.2
2020:03:04 11:58:10,16,7.4,MOV_0496_GT,0,23,Video,1080P,100,On,Green,On,Off,Off,33,1.5.2
2020:03:04 11:58:11,16,7.4,MOV_0496_GT,0,23,Video,1080P,100,On,Green,On,Off,Off,33,1.5.2
2020:03:04 11:58:12,16,7.5,MOV_0496_GT,0,23,Video,1080P,100,On,Green,On,Off,Off,33,1.5.2
2020:03:04 11:58:13,16,7.5,MOV_0496_GT,0,23,Video,1080P,100,On,Green,On,Off,Off,33,1.5.2
2020:03:04 11:58:14,16,7.4,MOV_0496_GT,0,23,Video,1080P,100,On,Green,On,Off,Off,33,1.5.2
2020:03:04 11:58:15,16,7.4,MOV_0496_GT,0,23,Video,1080P,100,On,Green,On,Off,Off,33,1.5.2
2020:03:04 11:58:16,16,7.3,MOV_0496_GT,0,23,Video,1080P,100,On,Green,On,Off,Off,33,1.5.2
2020:03:04 11:58:17,16,7.4,MOV_0496_GT,0,23,Video,1080P,100,On,Green,On,Off,Off,33,1.5.2
2020:03:04 11:58:18,16,7.4,MOV_0496_GT,0,23,Video,1080P,100,On,Green,On,Off,Off,33,1.5.2
2020:03:04 11:58:19,16,7.4,MOV_0496_GT,0,23,Video,1080P,100,On,Green,On,Off,Off,33,1.5.2
2020:03:04 11:58:20,16,7.3,MOV_0496_GT,0,23,Video,1080P,100,On,Green,On,Off,Off,33,1.5.2
2020:03:04 11:58:21,16,7.3,MOV_0496_GT,0,23,Video,1080P,100,On,Green,On,Off,Off,33,1.5.2
2020:03:04 11:58:22,16,7.2,MOV_0496_GT,0,23,Video,1080P,100,On,Green,On,Off,Off,33,1.5.2
2020:03:04 11:58:23,15.9,7,MOV_0496_GT,0,23,Video,1080P,100,On,Green,On,Off,Off,33,1.5.2
2020:03:04 11:58:24,15.9,7.1,MOV_0496_GT,0,23,Video,1080P,100,On,Green,On,Off,Off,33,1.5.2
2020:03:04 11:58:25,16,7.2,MOV_0496_GT,0,23,Video,1080P,100,On,Green,On,Off,Off,33,1.5.2
2020:03:04 11:58:26,16,7.2,MOV_0496_GT,0,23,Video,1080P,100,On,Green,On,Off,Off,33,1.5.2
2020:03:04 11:58:27,16,7.3,MOV_0496_GT,0,23,Video,1080P,100,On,Green,On,Off,Off,33,1.5.2
2020:03:04 11:58:28,16,7.3,MOV_0496_GT,0,23,Video,1080P,100,On,Green,On,Off,Off,33,1.5.2
2020:03:04 11:58:29,16,7.3,MOV_0496_GT,0,23,Video,1080P,100,On,Green,On,Off,Off,33,1.5.2
2020:03:04 11:58:30,16,7.3,MOV_0496_GT,0,23,Video,1080P,100,On,Green,On,Off,Off,33,1.5.2
2020:03:04 11:58:31,16,7.3,MOV_0496_GT,0,23,Video,1080P,100,On,Green,On,Off,Off,33,1.5.2
2020:03:04 11:58:32,16,7.3,MOV_0496_GT,0,23,Video,1080P,100,On,Green,On,Off,Off,33,1.5.2
2020:03:04 11:58:33,15.9,7.4,MOV_0496_GT,0,23,Video,1080P,100,On,Green,On,Off,Off,33,1.5.2
2020:03:04 11:58:34,16,7.3,MOV_0496_GT,0,23,Video,1080P,100,On,Green,On,Off,Off,33,1.5.2
2020:03:04 11:58:35,16,7.3,MOV_0496_GT,0,23,Video,1080P,100,On,Green,On,Off,Off,33,1.5.2
2020:03:04 11:58:36,16,7.3,MOV_0496_GT,0,23,Video,1080P,100,On,Green,On,Off,Off,33,1.5.2
2020:03:04 11:58:37,15.9,7.3,MOV_0496_GT,0,23,Video,1080P,100,On,Green,On,Off,Off,33,1.5.2
2020:03:04 11:58:38,16,7.3,MOV_0496_GT,0,23,Video,1080P,100,On,Green,On,Off,Off,33,1.5.2
2020:03:04 11:58:39,16,7.3,MOV_0496_GT,0,23,Video,1080P,100,On,Green,On,Off,Off,33,1.5.2
2020:03:04 11:58:40,16,7.4,MOV_0496_GT,0,23,Video,1080P,100,On,Green,On,Off,Off,33,1.5.2
2020:03:04 11:58:41,16,7.4,MOV_0496_GT,0,23,Video,1080P,100,On,Green,On,Off,Off,33,1.5.2
2020:03:04 11:58:42,15.9,7.4,MOV_0496_GT,0,23,Video,1080P,100,On,Green,On,Off,Off,33,1.5.2
2020:03:04 11:58:43,16,7.3,MOV_0496_GT,0,23,Video,1080P,100,On,Green,On,Off,Off,33,1.5.2
2020:03:04 11:58:44,15.9,7.3,MOV_0496_GT,0,23,Video,1080P,100,On,Green,On,Off,Off,33,1.5.2
2020:03:04 11:58:45,16,7.3,MOV_0496_GT,0,23,Video,1080P,100,On,Green,On,Off,Off,33,1.5.2
2020:03:04 11:58:46,15.9,7.4,MOV_0496_GT,0,23,Video,1080P,100,On,Green,On,Off,Off,33,1.5.2
2020:03:04 11:58:47,16,7.4,MOV_0496_GT,0,23,Video,1080P,100,On,Green,On,Off,Off,33,1.5.2
2020:03:04 11:58:48,15.9,7.3,MOV_0496_GT,0,23,Video,1080P,100,On,Green,On,Off,Off,33,1.5.2
2020:03:04 11:58:49,16,7.2,MOV_0496_GT,0,23,Video,1080P,100,On,Green,On,Off,Off,33,1.5.2
2020:03:04 11:58:50,16,7.2,MOV_0496_GT,0,23,Video,1080P,100,On,Green,On,Off,Off,33,1.5.2
2020:03:04 11:58:51,16,7.2,MOV_0496_GT,0,23,Video,1080P,100,On,Green,On,Off,Off,33,1.5.2
2020:03:04 11:58:52,16,7.2,MOV_0496_GT,0,23,Video,1080P,100,On,Green,On,Off,Off,33,1.5.2
2020:03:04 11:58:53,15.9,7.2,MOV_0496_GT,0,23,Video,1080P,100,On,Green,On,Off,Off,33,1.5.2
2020:03:04 11:58:54,16,7.2,MOV_0496_GT,0,23,Video,1080P,100,On,Green,On,Off,Off,33,1.5.2
2020:03:04 11:58:55,16,7.2,MOV_0496_GT,0,23,Video,1080P,100,On,Green,On,Off,Off,33,1.5.2
2020:03:04 11:58:56,16,7.2,MOV_0496_GT,0,23,Video,1080P,100,On,Green,On,Off,Off,33,1.5.2
2020:03:04 11:58:57,16,7.2,MOV_0496_GT,0,23,Video,1080P,100,On,Green,On,Off,Off,33,1.5.2
2020:03:04 11:58:58,16,7.2,MOV_0496_GT,0,23,Video,1080P,100,On,Green,On,Off,Off,33,1.5.2
2020:03:04 11:58:59,15.9,7.1,MOV_0496_GT,0,23,Video,1080P,100,On,Green,On,Off,Off,33,1.5.2
2020:03:04 11:59:00,16,7,MOV_0496_GT,0,23,Video,1080P,100,On,Green,On,Off,Off,33,1.5.2
2020:03:04 11:59:01,16,7,MOV_0496_GT,0,23,Video,1080P,100,On,Green,On,Off,Off,33,1.5.2
2020:03:04 11:59:02,15.9,7,MOV_0496_GT,0,23,Video,1080P,100,On,Green,On,Off,Off,33,1.5.2
2020:03:04 11:59:03,16,7,MOV_0496_GT,0,23,Video,1080P,100,On,Green,On,Off,Off,33,1.5.2
2020:03:04 11:59:04,16,7,MOV_0496_GT,0,23,Video,1080P,100,On,Green,On,Off,Off,33,1.5.2
2020:03:04 11:59:05,16,6.9,MOV_0496_GT,0,23,Video,1080P,100,On,Green,On,Off,Off,33,1.5.2
2020:03:04 11:59:06,16,6.8,MOV_0496_GT,0,23,Video,1080P,100,On,Green,On,Off,Off,33,1.5.2
2020:03:04 11:59:07,16,6.8,MOV_0496_GT,0,23,Video,1080P,100,On,Green,On,Off,Off,33,1.5.2
2020:03:04 11:59:08,16,6.9,MOV_0496_GT,0,23,Video,1080P,100,On,Green,On,Off,Off,33,1.5.2
2020:03:04 11:59:09,16,6.9,MOV_0496_GT,0,23,Video,1080P,100,On,Green,On,Off,Off,33,1.5.2
2020:03:04 11:59:10,16,7,MOV_0496_GT,0,23,Video,1080P,100,On,Green,On,Off,Off,33,1.5.2
2020:03:04 11:59:11,16,6.9,MOV_0496_GT,0,23,Video,1080P,100,On,Green,On,Off,Off,33,1.5.2
2020:03:04 11:59:12,16,6.9,MOV_0496_GT,0,23,Video,1080P,100,On,Green,On,Off,Off,33,1.5.2
2020:03:04 11:59:13,16,6.8,MOV_0496_GT,0,23,Video,1080P,100,On,Green,On,Off,Off,33,1.5.2
2020:03:04 11:59:14,16,6.8,MOV_0496_GT,0,23,Video,1080P,100,On,Green,On,Off,Off,33,1.5.2
2020:03:04 11:59:15,16,6.7,MOV_0496_GT,0,23,Video,1080P,100,On,Green,On,Off,Off,33,1.5.2
2020:03:04 11:59:16,16,6.7,MOV_0496_GT,0,23,Video,1080P,100,On,Green,On,Off,Off,33,1.5.2
2020:03:04 11:59:17,16,6.6,MOV_0496_GT,0,23,Video,1080P,100,On,Green,On,Off,Off,33,1.5.2
2020:03:04 11:59:18,16,6.6,MOV_0496_GT,0,23,Video,1080P,100,On,Green,On,Off,Off,33,1.5.2
2020:03:04 11:59:19,16,6.6,MOV_0496_GT,0,23,Video,1080P,100,On,Green,On,Off,Off,33,1.5.2
2020:03:04 11:59:20,16,6.7,MOV_0496_GT,0,23,Video,1080P,100,On,Green,On,Off,Off,33,1.5.2
2020:03:04 11:59:21,16,6.7,MOV_0496_GT,0,23,Video,1080P,100,On,Green,On,Off,Off,33,1.5.2
2020:03:04 11:59:22,16,6.7,MOV_0496_GT,0,23,Video,1080P,100,On,Green,On,Off,Off,33,1.5.2
2020:03:04 11:59:23,16,6.6,MOV_0496_GT,0,23,Video,1080P,100,On,Green,On,Off,Off,33,1.5.2
2020:03:04 11:59:24,16,6.6,MOV_0496_GT,0,23,Video,1080P,100,On,Green,On,Off,Off,33,1.5.2
2020:03:04 11:59:25,16,6.6,MOV_0496_GT,0,23,Video,1080P,100,On,Green,On,Off,Off,33,1.5.2
2020:03:04 11:59:26,16,6.6,MOV_0496_GT,0,23,Video,1080P,100,On,Green,On,Off,Off,33,1.5.2
2020:03:04 11:59:27,16,6.6,MOV_0496_GT,0,23,Video,1080P,100,On,Green,On,Off,Off,33,1.5.2
2020:03:04 11:59:28,16,6.6,MOV_0496_GT,0,23,Video,1080P,100,On,Green,On,Off,Off,33,1.5.2
2020:03:04 11:59:29,16,6.5,MOV_0496_GT,0,23,Video,1080P,100,On,Green,On,Off,Off,33,1.5.2
2020:03:04 11:59:30,16,6.4,MOV_0496_GT,0,23,Video,1080P,100,On,Green,On,Off,Off,33,1.5.2
2020:03:04 11:59:31,16,6.5,MOV_0496_GT,0,23,Video,1080P,100,On,Green,On,Off,Off,33,1.5.2
2020:03:04 11:59:32,16,6.5,MOV_0496_GT,0,23,Video,1080P,100,On,Green,On,Off,Off,33,1.5.2
2020:03:04 11:59:33,16,6.6,MOV_0496_GT,0,23,Video,1080P,100,On,Green,On,Off,Off,33,1.5.2
2020:03:04 11:59:34,16,6.6,MOV_0496_GT,0,23,Video,1080P,100,On,Green,On,Off,Off,33,1.5.2
2020:03:04 11:59:35,16,6.6,MOV_0496_GT,0,23,Video,1080P,100,On,Green,On,Off,Off,33,1.5.2
2020:03:04 11:59:36,16,6.6,MOV_0496_GT,0,23,Video,1080P,100,On,Green,On,Off,Off,33,1.5.2
2020:03:04 11:59:37,16,6.6,MOV_0496_GT,0,23,Video,1080P,100,On,Green,On,Off,Off,33,1.5.2
2020:03:04 11:59:38,16,6.6,MOV_0496_GT,0,23,Video,1080P,100,On,Green,On,Off,Off,33,1.5.2
2020:03:04 11:59:39,16,6.6,MOV_0496_GT,0,23,Video,1080P,100,On,Green,On,Off,Off,33,1.5.2
2020:03:04 11:59:40,16,6.6,MOV_0496_GT,0,23,Video,1080P,100,On,Green,On,Off,Off,33,1.5.2
2020:03:04 11:59:41,16,6.5,MOV_0496_GT,0,23,Video,1080P,100,On,Green,On,Off,Off,33,1.5.2
2020:03:04 11:59:42,16,6.5,MOV_0496_GT,0,23,Video,1080P,100,On,Green,On,Off,Off,33,1.5.2
2020:03:04 11:59:43,16,6.5,MOV_0496_GT,0,23,Video,1080P,100,On,Green,On,Off,Off,33,1.5.2
2020:03:04 11:59:44,16,6.6,MOV_0496_GT,0,23,Video,1080P,100,On,Green,On,Off,Off,33,1.5.2
2020:03:04 11:59:45,16,6.6,MOV_0496_GT,0,23,Video,1080P,100,On,Green,On,Off,Off,33,1.5.2
2020:03:04 11:59:46,16,6.5,MOV_0496_GT,0,23,Video,1080P,100,On,Green,On,Off,Off,33,1.5.2
2020:03:04 11:59:47,16,6.4,MOV_0496_GT,0,22,Video,1080P,100,On,Green,On,Off,Off,33,1.5.2
2020:03:04 11:59:48,16,6.4,MOV_0496_GT,0,22,Video,1080P,100,On,Green,On,Off,Off,33,1.5.2
2020:03:04 11:59:49,16,6.6,MOV_0496_GT,0,22,Video,1080P,100,On,Green,On,Off,Off,33,1.5.2
2020:03:04 11:59:50,16,6.5,MOV_0496_GT,0,22,Video,1080P,100,On,Green,On,Off,Off,33,1.5.2
2020:03:04 11:59:51,16,6.5,MOV_0496_GT,0,22,Video,1080P,100,On,Green,On,Off,Off,33,1.5.2
2020:03:04 11:59:52,16,6.4,MOV_0496_GT,0,22,Video,1080P,100,On,Green,On,Off,Off,33,1.5.2
2020:03:04 11:59:53,16,6.4,MOV_0496_GT,0,22,Video,1080P,100,On,Green,On,Off,Off,33,1.5.2
2020:03:04 11:59:54,16,6.4,MOV_0496_GT,0,22,Video,1080P,100,On,Green,On,Off,Off,33,1.5.2
2020:03:04 11:59:55,16,6.4,MOV_0496_GT,0,22,Video,1080P,100,On,Green,On,Off,Off,33,1.5.2
2020:03:04 11:59:56,16,6.3,MOV_0496_GT,0,22,Video,1080P,100,On,Green,On,Off,Off,33,1.5.2
2020:03:04 11:59:57,16,6.3,MOV_0496_GT,0,22,Video,1080P,100,On,Green,On,Off,Off,33,1.5.2
2020:03:04 11:59:58,16,6.4,MOV_0496_GT,0,22,Video,1080P,100,On,Green,On,Off,Off,33,1.5.2
2020:03:04 11:59:59,16,6.4,MOV_0496_GT,0,22,Video,1080P,100,On,Green,On,Off,Off,33,1.5.2
2020:03:04 12:00:00,16,6.3,MOV_0496_GT,0,22,Video,1080P,100,On,Green,On,Off,Off,33,1.5.2
2020:03:04 12:00:01,16,6.3,MOV_0496_GT,0,22,Video,1080P,100,On,Green,On,Off,Off,33,1.5.2
2020:03:04 12:00:02,16,6.3,MOV_0496_GT,0,22,Video,1080P,100,On,Green,On,Off,Off,33,1.5.2
2020:03:04 12:00:03,16,6.3,MOV_0496_GT,0,22,Video,1080P,100,On,Green,On,Off,Off,33,1.5.2
2020:03:04 12:00:04,16,6.3,MOV_0496_GT,0,22,Video,1080P,100,On,Green,On,Off,Off,33,1.5.2
2020:03:04 12:00:05,16,6.2,MOV_0496_GT,0,22,Video,1080P,100,On,Green,On,Off,Off,33,1.5.2
2020:03:04 12:00:06,16,6.1,MOV_0496_GT,0,22,Video,1080P,100,On,Green,On,Off,Off,33,1.5.2
2020:03:04 12:00:07,16,6.1,MOV_0496_GT,0,22,Video,1080P,100,On,Green,On,Off,Off,33,1.5.2
2020:03:04 12:00:08,16,6.1,MOV_0496_GT,0,22,Video,1080P,100,On,Green,On,Off,Off,33,1.5.2
2020:03:04 12:00:09,16,6.1,MOV_0496_GT,0,22,Video,1080P,100,On,Green,On,Off,Off,33,1.5.2
2020:03:04 12:00:10,16,6.3,MOV_0496_GT,0,22,Video,1080P,100,On,Green,On,Off,Off,33,1.5.2
2020:03:04 12:00:11,16,6.4,MOV_0496_GT,0,22,Video,1080P,100,On,Green,On,Off,Off,33,1.5.2
2020:03:04 12:00:12,16,6.4,MOV_0496_GT,0,22,Video,1080P,100,On,Green,On,Off,Off,33,1.5.2
2020:03:04 12:00:13,16,6.2,MOV_0496_GT,0,22,Video,1080P,100,On,Green,On,Off,Off,33,1.5.2
2020:03:04 12:00:14,16,6.1,MOV_0496_GT,0,22,Video,1080P,100,On,Green,On,Off,Off,33,1.5.2
2020:03:04 12:00:15,16,6.2,MOV_0496_GT,0,22,Video,1080P,100,On,Green,On,Off,Off,33,1.5.2
2020:03:04 12:00:16,16,6.3,MOV_0496_GT,0,22,Video,1080P,100,On,Green,On,Off,Off,33,1.5.2
2020:03:04 12:00:17,16,6.3,MOV_0496_GT,0,22,Video,1080P,100,On,Green,On,Off,Off,33,1.5.2
2020:03:04 12:00:18,16,6.3,MOV_0496_GT,0,22,Video,1080P,100,On,Green,On,Off,Off,33,1.5.2
2020:03:04 12:00:19,16,6.4,MOV_0496_GT,0,22,Video,1080P,100,On,Green,On,Off,Off,33,1.5.2
2020:03:04 12:00:20,16,6.4,MOV_0496_GT,0,22,Video,1080P,100,On,Green,On,Off,Off,33,1.5.2
2020:03:04 12:00:21,16,6.4,MOV_0496_GT,0,22,Video,1080P,100,On,Green,On,Off,Off,33,1.5.2
2020:03:04 12:00:22,16,6.5,MOV_0496_GT,0,22,Video,1080P,100,On,Green,On,Off,Off,33,1.5.2
2020:03:04 12:00:23,16,6.5,MOV_0496_GT,0,22,Video,1080P,100,On,Green,On,Off,Off,33,1.5.2
2020:03:04 12:00:24,16,6.5,MOV_0496_GT,0,22,Video,1080P,100,On,Green,On,Off,Off,33,1.5.2
2020:03:04 12:00:25,16,6.5,MOV_0496_GT,0,22,Video,1080P,100,On,Green,On,Off,Off,33,1.5.2
2020:03:04 12:00:26,16,6.5,MOV_0496_GT,0,22,Video,1080P,100,On,Green,On,Off,Off,33,1.5.2
2020:03:04 12:00:27,16,6.6,MOV_0496_GT,0,22,Video,1080P,100,On,Green,On,Off,Off,33,1.5.2
2020:03:04 12:00:28,16,6.6,MOV_0496_GT,0,22,Video,1080P,100,On,Green,On,Off,Off,33,1.5.2
2020:03:04 12:00:29,16,6.6,MOV_0496_GT,0,22,Video,1080P,100,On,Green,On,Off,Off,33,1.5.2
2020:03:04 12:00:30,16,6.4,MOV_0496_GT,0,22,Video,1080P,100,On,Green,On,Off,Off,33,1.5.2
2020:03:04 12:00:31,16,6.4,MOV_0496_GT,0,22,Video,1080P,100,On,Green,On,Off,Off,33,1.5.2
2020:03:04 12:00:32,16,6.3,MOV_0496_GT,0,22,Video,1080P,100,On,Green,On,Off,Off,33,1.5.2
2020:03:04 12:00:33,16,6.3,MOV_0496_GT,0,22,Video,1080P,100,On,Green,On,Off,Off,33,1.5.2
2020:03:04 12:00:34,16,6.2,MOV_0496_GT,0,22,Video,1080P,100,On,Green,On,Off,Off,33,1.5.2
2020:03:04 12:00:35,16,6.2,MOV_0496_GT,0,22,Video,1080P,100,On,Green,On,Off,Off,33,1.5.2
2020:03:04 12:00:36,16,6.2,MOV_0496_GT,0,22,Video,1080P,100,On,Green,On,Off,Off,33,1.5.2
2020:03:04 12:00:37,16,6.2,MOV_0496_GT,0,22,Video,1080P,100,On,Green,On,Off,Off,33,1.5.2
2020:03:04 12:00:38,16,6.3,MOV_0496_GT,0,22,Video,1080P,100,On,Green,On,Off,Off,33,1.5.2
2020:03:04 12:00:39,16,6.3,MOV_0496_GT,0,22,Video,1080P,100,On,Green,On,Off,Off,33,1.5.2
2020:03:04 12:00:40,16,6.3,MOV_0496_GT,0,22,Video,1080P,100,On,Green,On,Off,Off,33,1.5.2
2020:03:04 12:00:41,16,6.3,MOV_0496_GT,0,22,Video,1080P,100,On,Green,On,Off,Off,33,1.5.2
2020:03:04 12:00:42,16,6.3,MOV_0496_GT,0,22,Video,1080P,100,On,Green,On,Off,Off,33,1.5.2
2020:03:04 12:00:43,16,6.4,MOV_0496_GT,0,22,Video,1080P,100,On,Green,On,Off,Off,33,1.5.2
2020:03:04 12:00:44,16,6.3,MOV_0496_GT,0,22,Video,1080P,100,On,Green,On,Off,Off,33,1.5.2
2020:03:04 12:00:45,16,6.2,MOV_0496_GT,0,22,Video,1080P,100,On,Green,On,Off,Off,33,1.5.2
2020:03:04 12:00:46,16,6.2,MOV_0496_GT,0,22,Video,1080P,100,On,Green,On,Off,Off,33,1.5.2
2020:03:04 12:00:47,16,6.2,MOV_0496_GT,0,22,Video,1080P,100,On,Green,On,Off,Off,33,1.5.2
2020:03:04 12:00:48,16,6.2,MOV_0496_GT,0,22,Video,1080P,100,On,Green,On,Off,Off,33,1.5.2
2020:03:04 12:00:49,16,6.2,MOV_0496_GT,0,22,Video,1080P,100,On,Green,On,Off,Off,33,1.5.2
2020:03:04 12:00:50,16,6.2,MOV_0496_GT,0,22,Video,1080P,100,On,Green,On,Off,Off,33,1.5.2
2020:03:04 12:00:51,16,6.1,MOV_0496_GT,0,22,Video,1080P,100,On,Green,On,Off,Off,33,1.5.2
2020:03:04 12:00:52,16,6.2,MOV_0496_GT,0,22,Video,1080P,100,On,Green,On,Off,Off,33,1.5.2
2020:03:04 12:00:53,16,6.2,MOV_0496_GT,0,22,Video,1080P,100,On,Green,On,Off,Off,33,1.5.2
2020:03:04 12:00:54,16,6.1,MOV_0496_GT,0,22,Video,1080P,100,On,Green,On,Off,Off,33,1.5.2
2020:03:04 12:00:55,16,6.1,MOV_0496_GT,0,22,Video,1080P,100,On,Green,On,Off,Off,33,1.5.2
2020:03:04 12:00:56,16,6,MOV_0496_GT,0,22,Video,1080P,100,On,Green,On,Off,Off,33,1.5.2
2020:03:04 12:00:57,16,6,MOV_0496_GT,0,22,Video,1080P,100,On,Green,On,Off,Off,33,1.5.2
2020:03:04 12:00:58,16,5.8,MOV_0496_GT,0,22,Video,1080P,100,On,Green,On,Off,Off,33,1.5.2
2020:03:04 12:00:59,16,5.7,MOV_0496_GT,0,22,Video,1080P,100,On,Green,On,Off,Off,33,1.5.2
2020:03:04 12:01:00,16,5.6,MOV_0496_GT,0,22,Video,1080P,100,On,Green,On,Off,Off,33,1.5.2
2020:03:04 12:01:01,16,5.6,MOV_0496_GT,0,22,Video,1080P,100,On,Green,On,Off,Off,33,1.5.2
2020:03:04 12:01:02,16,5.7,MOV_0496_GT,0,22,Video,1080P,100,On,Green,On,Off,Off,33,1.5.2
2020:03:04 12:01:03,16,5.7,MOV_0496_GT,0,22,Video,1080P,100,On,Green,On,Off,Off,33,1.5.2
2020:03:04 12:01:04,16,5.8,MOV_0496_GT,0,22,Video,1080P,100,On,Green,On,Off,Off,33,1.5.2
2020:03:04 12:01:05,16,5.8,MOV_0496_GT,0,22,Video,1080P,100,On,Green,On,Off,Off,33,1.5.2
2020:03:04 12:01:06,16,5.8,MOV_0496_GT,0,22,Video,1080P,100,On,Green,On,Off,Off,33,1.5.2
2020:03:04 12:01:07,16,5.9,MOV_0496_GT,0,22,Video,1080P,100,On,Green,On,Off,Off,33,1.5.2
2020:03:04 12:01:08,16.1,5.9,MOV_0496_GT,0,22,Video,1080P,100,On,Green,On,Off,Off,33,1.5.2
2020:03:04 12:01:09,16,6,MOV_0496_GT,0,22,Video,1080P,100,On,Green,On,Off,Off,33,1.5.2
2020:03:04 12:01:10,16,5.9,MOV_0496_GT,0,22,Video,1080P,100,On,Green,On,Off,Off,33,1.5.2
2020:03:04 12:01:11,16,5.8,MOV_0496_GT,0,22,Video,1080P,100,On,Green,On,Off,Off,33,1.5.2
2020:03:04 12:01:12,16,5.7,MOV_0496_GT,0,22,Video,1080P,100,On,Green,On,Off,Off,33,1.5.2
2020:03:04 12:01:13,16,5.6,MOV_0496_GT,0,22,Video,1080P,100,On,Green,On,Off,Off,33,1.5.2
2020:03:04 12:01:14,16,5.6,MOV_0496_GT,0,22,Video,1080P,100,On,Green,On,Off,Off,33,1.5.2
2020:03:04 12:01:15,16,5.7,MOV_0496_GT,0,22,Video,1080P,100,On,Green,On,Off,Off,33,1.5.2
2020:03:04 12:01:16,16,5.7,MOV_0496_GT,0,22,Video,1080P,100,On,Green,On,Off,Off,33,1.5.2
2020:03:04 12:01:17,16,5.6,MOV_0496_GT,0,22,Video,1080P,100,On,Green,On,Off,Off,33,1.5.2
2020:03:04 12:01:18,16,5.5,MOV_0496_GT,0,22,Video,1080P,100,On,Green,On,Off,Off,33,1.5.2
2020:03:04 12:01:19,16,5.4,MOV_0496_GT,0,22,Video,1080P,100,On,Green,On,Off,Off,33,1.5.2
2020:03:04 12:01:20,16,5.3,MOV_0496_GT,0,22,Video,1080P,100,On,Green,On,Off,Off,33,1.5.2
2020:03:04 12:01:21,16,5.4,MOV_0496_GT,0,22,Video,1080P,100,On,Green,On,Off,Off,33,1.5.2
2020:03:04 12:01:22,16,5.5,MOV_0496_GT,0,22,Video,1080P,100,On,Green,On,Off,Off,33,1.5.2
2020:03:04 12:01:23,16,5.6,MOV_0496_GT,0,22,Video,1080P,100,On,Green,On,Off,Off,33,1.5.2
2020:03:04 12:01:24,16,5.6,MOV_0496_GT,0,22,Video,1080P,100,On,Green,On,Off,Off,33,1.5.2
2020:03:04 12:01:25,16,5.5,MOV_0496_GT,0,22,Video,1080P,100,On,Green,On,Off,Off,33,1.5.2
2020:03:04 12:01:26,16,5.5,MOV_0496_GT,0,22,Video,1080P,100,On,Green,On,Off,Off,33,1.5.2
2020:03:04 12:01:27,16,5.4,,0,22,Video,1080P,100,On,Green,On,Off,Off,33,1.5.2
2020:03:04 12:01:28,16,5.4,,0,22,Video,1080P,100,On,Green,On,Off,Off,33,1.5.2
2020:03:04 12:01:29,16,5.4,,0,22,Video,1080P,100,On,Green,On,Off,Off,33,1.5.2
2020:03:04 12:01:30,16,5.4,,0,22,Video,1080P,100,On,Green,On,Off,Off,33,1.5.2
2020:03:04 12:01:31,16,5.5,,0,22,Video,1080P,100,On,Green,On,Off,Off,33,1.5.2
2020:03:04 12:01:32,16,5.3,,0,22,Video,1080P,100,On,Green,On,Off,Off,33,1.5.2
2020:03:04 12:01:33,16,5.2,,0,22,Video,1080P,100,On,Green,On,Off,Off,33,1.5.2
2020:03:04 12:01:34,16,5,,0,22,Video,1080P,100,On,Green,On,Off,Off,33,1.5.2
2020:03:04 12:01:35,16,4.9,,0,22,Video,1080P,100,On,Green,On,Off,Off,33,1.5.2
2020:03:04 12:01:36,16,4.9,,0,22,Video,1080P,100,On,Green,On,Off,Off,33,1.5.2
2020:03:04 12:01:37,16,5,,0,22,Video,1080P,100,On,Green,On,Off,Off,33,1.5.2
2020:03:04 12:01:38,16,5,,0,22,Video,1080P,100,On,Green,On,Off,Off,33,1.5.2
2020:03:04 12:01:39,16,5.1,,0,22,Video,1080P,100,On,Green,On,Off,Off,33,1.5.2
2020:03:04 12:01:40,16,5.1,,0,22,Video,1080P,100,On,Green,On,Off,Off,33,1.5.2
2020:03:04 12:01:41,16,5.3,,0,22,Video,1080P,100,On,Green,On,Off,Off,33,1.5.2
2020:03:04 12:01:42,16,5.3,,0,22,Video,1080P,100,On,Green,On,Off,Off,33,1.5.2
2020:03:04 12:01:43,16,5,,0,22,Video,1080P,100,On,Green,On,Off,Off,33,1.5.2
2020:03:04 12:01:44,16,4.9,,0,22,Video,1080P,100,On,Green,On,Off,Off,33,1.5.2
2020:03:04 12:01:45,16,4.7,,0,22,Video,1080P,100,On,Green,On,Off,Off,33,1.5.2
2020:03:04 12:01:46,16.1,4.4,,0,22,Video,1080P,100,On,Green,On,Off,Off,33,1.5.2
2020:03:04 12:01:47,16,4.1,,0,22,Video,1080P,100,On,Green,On,Off,Off,33,1.5.2
2020:03:04 12:01:48,16,3.8,,0,22,Video,1080P,100,On,Green,On,Off,Off,33,1.5.2
2020:03:04 12:01:49,16,3.8,,0,22,Video,1080P,100,On,Green,On,Off,Off,33,1.5.2
2020:03:04 12:01:50,16.1,3.7,,0,22,Video,1080P,100,On,Green,On,Off,Off,33,1.5.2
2020:03:04 12:01:51,16.1,3.6,,0,22,Video,1080P,100,On,Green,On,Off,Off,33,1.5.2
2020:03:04 12:01:52,16.1,3.6,,0,22,Video,1080P,100,On,Green,On,Off,Off,33,1.5.2
2020:03:04 12:01:53,16.1,3.4,,0,22,Video,1080P,100,On,Green,On,Off,Off,33,1.5.2
2020:03:04 12:01:54,16.1,3.4,,0,22,Video,1080P,100,On,Green,On,Off,Off,33,1.5.2
2020:03:04 12:01:55,16.1,3.4,,0,22,Video,1080P,100,On,Green,On,Off,Off,33,1.5.2
2020:03:04 12:01:56,16.1,3.3,,0,22,Video,1080P,100,On,Green,On,Off,Off,33,1.5.2
2020:03:04 12:01:57,16.1,3.2,,0,22,Video,1080P,100,On,Green,On,Off,Off,33,1.5.2
2020:03:04 12:01:58,16.1,2.9,,0,22,Video,1080P,100,On,Green,On,Off,Off,33,1.5.2
2020:03:04 12:01:59,16.2,2.7,,0,22,Video,1080P,100,On,Green,On,Off,Off,33,1.5.2
2020:03:04 12:02:00,16.2,2.6,,0,22,Video,1080P,100,On,Green,On,Off,Off,33,1.5.2
2020:03:04 12:02:01,16.2,2.4,,0,22,Video,1080P,100,On,Green,On,Off,Off,33,1.5.2
2020:03:04 12:02:02,16.2,2.2,,0,22,Video,1080P,100,On,Green,On,Off,Off,33,1.5.2